environment,candidate,policy,split,scenario,harmful_actions,contained,benign_cost,false_positive,disrupted_actions,collateral_disrupted_calls
ideal,t12_l0,deception,test,fast,2.38,0.675,0.0,0.0,0.0,0.0
ideal,t12_l0,deception,test,switcher,2.725,0.54,0.0,0.0,0.0,0.0
ideal,t12_l0,deception,test,slow,1.95,0.68,0.0,0.0,0.0,0.0
ideal,t12_l0,deception,test,avoider,23.0,0.0,0.0,0.0,0.0,0.0
ideal,t12_l0,deception,test,benign_build,0.0,0.0,0.0,0.0,0.0,0.0
ideal,t12_l0,deception,test,benign_admin,0.0,0.78,3.705,0.78,3.705,0.0
ideal,t12_l0,deception,test,benign_drill,0.0,0.93,12.745,0.93,12.745,0.0
ideal,t12_l0,deception,family_shift,patient,1.825,0.69,0.0,0.0,0.0,0.0
ideal,t12_l0,deception,family_shift,cycler,2.575,0.505,0.0,0.0,0.0,0.0
ideal,t12_l0,deception,family_shift,benign_burst,0.0,1.0,14.83,1.0,14.83,0.0
ideal,t12_l0,deception,family_shift,benign_recovery,0.0,0.99,12.515,0.99,12.515,0.0
ideal,t20_l0,deception,test,fast,3.025,0.55,0.0,0.0,0.0,0.0
ideal,t20_l0,deception,test,switcher,2.995,0.54,0.0,0.0,0.0,0.0
ideal,t20_l0,deception,test,slow,2.44,0.555,0.0,0.0,0.0,0.0
ideal,t20_l0,deception,test,avoider,23.0,0.0,0.0,0.0,0.0,0.0
ideal,t20_l0,deception,test,benign_build,0.0,0.0,0.0,0.0,0.0,0.0
ideal,t20_l0,deception,test,benign_admin,0.0,0.15,1.665,0.15,1.665,0.0
ideal,t20_l0,deception,test,benign_drill,0.0,0.765,8.09,0.765,8.09,0.0
ideal,t20_l0,deception,family_shift,patient,2.095,0.585,0.0,0.0,0.0,0.0
ideal,t20_l0,deception,family_shift,cycler,2.795,0.505,0.0,0.0,0.0,0.0
ideal,t20_l0,deception,family_shift,benign_burst,0.0,0.95,10.68,0.95,10.68,0.0
ideal,t20_l0,deception,family_shift,benign_recovery,0.0,0.905,7.68,0.905,7.68,0.0
ideal,t20_l1,deception,test,fast,3.635,0.55,0.0,0.0,0.0,0.0
ideal,t20_l1,deception,test,switcher,4.56,0.27,0.0,0.0,0.0,0.0
ideal,t20_l1,deception,test,slow,2.44,0.555,0.0,0.0,0.0,0.0
ideal,t20_l1,deception,test,avoider,23.0,0.0,0.0,0.0,0.0,0.0
ideal,t20_l1,deception,test,benign_build,0.0,0.0,0.0,0.0,0.0,0.0
ideal,t20_l1,deception,test,benign_admin,0.0,0.15,1.515,0.15,1.515,0.0
ideal,t20_l1,deception,test,benign_drill,0.0,0.765,7.27,0.765,7.27,0.0
ideal,t20_l1,deception,family_shift,patient,2.095,0.585,0.0,0.0,0.0,0.0
ideal,t20_l1,deception,family_shift,cycler,4.575,0.285,0.0,0.0,0.0,0.0
ideal,t20_l1,deception,family_shift,benign_burst,0.0,0.95,9.76,0.95,9.76,0.0
ideal,t20_l1,deception,family_shift,benign_recovery,0.0,0.905,6.775,0.905,6.775,0.0
ideal,t5_l0,deception,test,fast,0.83,1.0,0.0,0.0,0.0,0.0
ideal,t5_l0,deception,test,switcher,2.725,0.54,0.0,0.0,0.0,0.0
ideal,t5_l0,deception,test,slow,0.82,1.0,0.0,0.0,0.0,0.0
ideal,t5_l0,deception,test,avoider,2.0,1.0,0.0,0.0,0.0,0.0
ideal,t5_l0,deception,test,benign_build,0.0,0.0,0.0,0.0,0.0,0.0
ideal,t5_l0,deception,test,benign_admin,0.0,1.0,9.295,1.0,9.295,0.0
ideal,t5_l0,deception,test,benign_drill,0.0,1.0,15.83,1.0,15.83,0.0
ideal,t5_l0,deception,family_shift,patient,0.775,1.0,0.0,0.0,0.0,0.0
ideal,t5_l0,deception,family_shift,cycler,2.575,0.505,0.0,0.0,0.0,0.0
ideal,t5_l0,deception,family_shift,benign_burst,0.0,1.0,17.83,1.0,17.83,0.0
ideal,t5_l0,deception,family_shift,benign_recovery,0.0,1.0,16.105,1.0,16.105,0.0
ideal,t8_l1,deception,test,fast,2.505,0.675,0.0,0.0,0.0,0.0
ideal,t8_l1,deception,test,switcher,2.725,0.54,0.0,0.0,0.0,0.0
ideal,t8_l1,deception,test,slow,1.95,0.68,0.0,0.0,0.0,0.0
ideal,t8_l1,deception,test,avoider,23.0,0.0,0.0,0.0,0.0,0.0
ideal,t8_l1,deception,test,benign_build,0.0,0.0,0.0,0.0,0.0,0.0
ideal,t8_l1,deception,test,benign_admin,0.0,0.78,7.1,0.78,7.1,0.0
ideal,t8_l1,deception,test,benign_drill,0.0,1.0,13.415,1.0,13.415,0.0
ideal,t8_l1,deception,family_shift,patient,1.72,0.69,0.0,0.0,0.0,0.0
ideal,t8_l1,deception,family_shift,cycler,2.575,0.505,0.0,0.0,0.0,0.0
ideal,t8_l1,deception,family_shift,benign_burst,0.0,1.0,15.015,1.0,15.015,0.0
ideal,t8_l1,deception,family_shift,benign_recovery,0.0,1.0,14.485,1.0,14.485,0.0
ideal,t5_l0,deception_silent,test,fast,0.83,1.0,0.0,0.0,0.0,0.0
ideal,t5_l0,deception_silent,test,switcher,2.725,0.54,0.0,0.0,0.0,0.0
ideal,t5_l0,deception_silent,test,slow,0.82,1.0,0.0,0.0,0.0,0.0
ideal,t5_l0,deception_silent,test,avoider,2.0,1.0,0.0,0.0,0.0,0.0
ideal,t5_l0,deception_silent,test,benign_build,0.0,0.0,0.0,0.0,0.0,0.0
ideal,t5_l0,deception_silent,test,benign_admin,0.0,1.0,6.005,1.0,6.005,0.0
ideal,t5_l0,deception_silent,test,benign_drill,0.0,1.0,14.57,1.0,14.57,0.0
ideal,t5_l0,deception_silent,family_shift,patient,0.775,1.0,0.0,0.0,0.0,0.0
ideal,t5_l0,deception_silent,family_shift,cycler,2.575,0.505,0.0,0.0,0.0,0.0
ideal,t5_l0,deception_silent,family_shift,benign_burst,0.0,1.0,17.64,1.0,17.64,0.0
ideal,t5_l0,deception_silent,family_shift,benign_recovery,0.0,1.0,13.325,1.0,13.325,0.0
ideal,t5_l1,deception_silent,test,fast,2.505,0.675,0.0,0.0,0.0,0.0
ideal,t5_l1,deception_silent,test,switcher,2.725,0.54,0.0,0.0,0.0,0.0
ideal,t5_l1,deception_silent,test,slow,0.82,1.0,0.0,0.0,0.0,0.0
ideal,t5_l1,deception_silent,test,avoider,23.0,0.0,0.0,0.0,0.0,0.0
ideal,t5_l1,deception_silent,test,benign_build,0.0,0.0,0.0,0.0,0.0,0.0
ideal,t5_l1,deception_silent,test,benign_admin,0.0,1.0,5.005,1.0,5.005,0.0
ideal,t5_l1,deception_silent,test,benign_drill,0.0,1.0,11.93,1.0,11.93,0.0
ideal,t5_l1,deception_silent,family_shift,patient,0.775,1.0,0.0,0.0,0.0,0.0
ideal,t5_l1,deception_silent,family_shift,cycler,2.575,0.505,0.0,0.0,0.0,0.0
ideal,t5_l1,deception_silent,family_shift,benign_burst,0.0,1.0,16.64,1.0,16.64,0.0
ideal,t5_l1,deception_silent,family_shift,benign_recovery,0.0,1.0,12.325,1.0,12.325,0.0
ideal,t8_l0,deception_silent,test,fast,2.505,0.675,0.0,0.0,0.0,0.0
ideal,t8_l0,deception_silent,test,switcher,2.995,0.54,0.0,0.0,0.0,0.0
ideal,t8_l0,deception_silent,test,slow,2.075,0.68,0.0,0.0,0.0,0.0
ideal,t8_l0,deception_silent,test,avoider,23.0,0.0,0.0,0.0,0.0,0.0
ideal,t8_l0,deception_silent,test,benign_build,0.0,0.0,0.0,0.0,0.0,0.0
ideal,t8_l0,deception_silent,test,benign_admin,0.0,0.0,1.36,0.0,1.36,0.0
ideal,t8_l0,deception_silent,test,benign_drill,0.0,1.0,8.56,1.0,8.56,0.0
ideal,t8_l0,deception_silent,family_shift,patient,1.825,0.69,0.0,0.0,0.0,0.0
ideal,t8_l0,deception_silent,family_shift,cycler,2.795,0.505,0.0,0.0,0.0,0.0
ideal,t8_l0,deception_silent,family_shift,benign_burst,0.0,1.0,13.4,1.0,13.4,0.0
ideal,t8_l0,deception_silent,family_shift,benign_recovery,0.0,1.0,8.995,1.0,8.995,0.0
ideal,t8_l1,deception_silent,test,fast,3.28,0.55,0.0,0.0,0.0,0.0
ideal,t8_l1,deception_silent,test,switcher,4.28,0.27,0.0,0.0,0.0,0.0
ideal,t8_l1,deception_silent,test,slow,2.075,0.68,0.0,0.0,0.0,0.0
ideal,t8_l1,deception_silent,test,avoider,23.0,0.0,0.0,0.0,0.0,0.0
ideal,t8_l1,deception_silent,test,benign_build,0.0,0.0,0.0,0.0,0.0,0.0
ideal,t8_l1,deception_silent,test,benign_admin,0.0,0.0,1.36,0.0,1.36,0.0
ideal,t8_l1,deception_silent,test,benign_drill,0.0,1.0,7.505,1.0,7.505,0.0
ideal,t8_l1,deception_silent,family_shift,patient,1.825,0.69,0.0,0.0,0.0,0.0
ideal,t8_l1,deception_silent,family_shift,cycler,3.7,0.285,0.0,0.0,0.0,0.0
ideal,t8_l1,deception_silent,family_shift,benign_burst,0.0,1.0,12.4,1.0,12.4,0.0
ideal,t8_l1,deception_silent,family_shift,benign_recovery,0.0,1.0,7.995,1.0,7.995,0.0
ideal,t12_l0,isolate,test,fast,4.0,1.0,0.0,0.0,0.0,0.0
ideal,t12_l0,isolate,test,switcher,4.0,1.0,0.0,0.0,0.0,0.0
ideal,t12_l0,isolate,test,slow,4.0,1.0,0.0,0.0,0.0,0.0
ideal,t12_l0,isolate,test,avoider,4.0,1.0,0.0,0.0,0.0,0.0
ideal,t12_l0,isolate,test,benign_build,0.0,0.0,0.0,0.0,0.0,0.0
ideal,t12_l0,isolate,test,benign_admin,0.0,0.0,0.0,0.0,0.0,0.0
ideal,t12_l0,isolate,test,benign_drill,0.0,0.0,0.0,0.0,0.0,0.0
ideal,t12_l0,isolate,family_shift,patient,5.0,1.0,0.0,0.0,0.0,0.0
ideal,t12_l0,isolate,family_shift,cycler,4.0,1.0,0.0,0.0,0.0,0.0
ideal,t12_l0,isolate,family_shift,benign_burst,0.0,1.0,7.0,1.0,7.0,0.0
ideal,t12_l0,isolate,family_shift,benign_recovery,0.0,0.0,0.0,0.0,0.0,0.0
ideal,t5_l0,isolate,test,fast,2.0,1.0,0.0,0.0,0.0,0.0
ideal,t5_l0,isolate,test,switcher,2.0,1.0,0.0,0.0,0.0,0.0
ideal,t5_l0,isolate,test,slow,2.0,1.0,0.0,0.0,0.0,0.0
ideal,t5_l0,isolate,test,avoider,2.0,1.0,0.0,0.0,0.0,0.0
ideal,t5_l0,isolate,test,benign_build,0.0,0.0,0.0,0.0,0.0,0.0
ideal,t5_l0,isolate,test,benign_admin,0.0,1.0,5.0,1.0,5.0,0.0
ideal,t5_l0,isolate,test,benign_drill,0.0,1.0,11.0,1.0,11.0,0.0
ideal,t5_l0,isolate,family_shift,patient,2.0,1.0,0.0,0.0,0.0,0.0
ideal,t5_l0,isolate,family_shift,cycler,2.0,1.0,0.0,0.0,0.0,0.0
ideal,t5_l0,isolate,family_shift,benign_burst,0.0,1.0,17.0,1.0,17.0,0.0
ideal,t5_l0,isolate,family_shift,benign_recovery,0.0,1.0,12.0,1.0,12.0,0.0
ideal,t8_l0,isolate,test,fast,3.0,1.0,0.0,0.0,0.0,0.0
ideal,t8_l0,isolate,test,switcher,3.0,1.0,0.0,0.0,0.0,0.0
ideal,t8_l0,isolate,test,slow,3.0,1.0,0.0,0.0,0.0,0.0
ideal,t8_l0,isolate,test,avoider,3.0,1.0,0.0,0.0,0.0,0.0
ideal,t8_l0,isolate,test,benign_build,0.0,0.0,0.0,0.0,0.0,0.0
ideal,t8_l0,isolate,test,benign_admin,0.0,0.0,0.0,0.0,0.0,0.0
ideal,t8_l0,isolate,test,benign_drill,0.0,1.0,2.0,1.0,2.0,0.0
ideal,t8_l0,isolate,family_shift,patient,4.0,1.0,0.0,0.0,0.0,0.0
ideal,t8_l0,isolate,family_shift,cycler,3.0,1.0,0.0,0.0,0.0,0.0
ideal,t8_l0,isolate,family_shift,benign_burst,0.0,1.0,12.0,1.0,12.0,0.0
ideal,t8_l0,isolate,family_shift,benign_recovery,0.0,1.0,7.0,1.0,7.0,0.0
ideal,t8_l1,isolate,test,fast,4.0,1.0,0.0,0.0,0.0,0.0
ideal,t8_l1,isolate,test,switcher,4.0,1.0,0.0,0.0,0.0,0.0
ideal,t8_l1,isolate,test,slow,3.0,1.0,0.0,0.0,0.0,0.0
ideal,t8_l1,isolate,test,avoider,4.0,1.0,0.0,0.0,0.0,0.0
ideal,t8_l1,isolate,test,benign_build,0.0,0.0,0.0,0.0,0.0,0.0
ideal,t8_l1,isolate,test,benign_admin,0.0,0.0,0.0,0.0,0.0,0.0
ideal,t8_l1,isolate,test,benign_drill,0.0,1.0,1.0,1.0,1.0,0.0
ideal,t8_l1,isolate,family_shift,patient,4.0,1.0,0.0,0.0,0.0,0.0
ideal,t8_l1,isolate,family_shift,cycler,4.0,1.0,0.0,0.0,0.0,0.0
ideal,t8_l1,isolate,family_shift,benign_burst,0.0,1.0,11.0,1.0,11.0,0.0
ideal,t8_l1,isolate,family_shift,benign_recovery,0.0,1.0,6.0,1.0,6.0,0.0
ideal,t12_l0,revoke,test,fast,23.0,0.0,0.0,0.0,0.0,0.0
ideal,t12_l0,revoke,test,switcher,16.0,0.0,0.0,0.0,0.0,0.0
ideal,t12_l0,revoke,test,slow,8.0,0.0,0.0,0.0,0.0,0.0
ideal,t12_l0,revoke,test,avoider,23.0,0.0,0.0,0.0,0.0,0.0
ideal,t12_l0,revoke,test,benign_build,0.0,0.0,0.0,0.0,0.0,0.0
ideal,t12_l0,revoke,test,benign_admin,0.0,0.0,0.0,0.0,0.0,0.0
ideal,t12_l0,revoke,test,benign_drill,0.0,0.0,0.0,0.0,0.0,0.0
ideal,t12_l0,revoke,family_shift,patient,6.0,0.0,0.0,0.0,0.0,0.0
ideal,t12_l0,revoke,family_shift,cycler,13.0,0.0,0.0,0.0,0.0,0.0
ideal,t12_l0,revoke,family_shift,benign_burst,0.0,1.0,7.0,1.0,7.0,0.0
ideal,t12_l0,revoke,family_shift,benign_recovery,0.0,0.0,0.0,0.0,0.0,0.0
ideal,t5_l0,revoke,test,fast,2.0,1.0,0.0,0.0,0.0,0.0
ideal,t5_l0,revoke,test,switcher,16.0,0.0,0.0,0.0,0.0,0.0
ideal,t5_l0,revoke,test,slow,2.0,1.0,0.0,0.0,0.0,0.0
ideal,t5_l0,revoke,test,avoider,2.0,1.0,0.0,0.0,0.0,0.0
ideal,t5_l0,revoke,test,benign_build,0.0,0.0,0.0,0.0,0.0,0.0
ideal,t5_l0,revoke,test,benign_admin,0.0,1.0,5.0,1.0,5.0,0.0
ideal,t5_l0,revoke,test,benign_drill,0.0,1.0,11.0,1.0,11.0,0.0
ideal,t5_l0,revoke,family_shift,patient,2.0,1.0,0.0,0.0,0.0,0.0
ideal,t5_l0,revoke,family_shift,cycler,13.0,0.0,0.0,0.0,0.0,0.0
ideal,t5_l0,revoke,family_shift,benign_burst,0.0,1.0,17.0,1.0,17.0,0.0
ideal,t5_l0,revoke,family_shift,benign_recovery,0.0,1.0,12.0,1.0,12.0,0.0
ideal,t8_l1,revoke,test,fast,23.0,0.0,0.0,0.0,0.0,0.0
ideal,t8_l1,revoke,test,switcher,16.0,0.0,0.0,0.0,0.0,0.0
ideal,t8_l1,revoke,test,slow,8.0,0.0,0.0,0.0,0.0,0.0
ideal,t8_l1,revoke,test,avoider,23.0,0.0,0.0,0.0,0.0,0.0
ideal,t8_l1,revoke,test,benign_build,0.0,0.0,0.0,0.0,0.0,0.0
ideal,t8_l1,revoke,test,benign_admin,0.0,0.0,0.0,0.0,0.0,0.0
ideal,t8_l1,revoke,test,benign_drill,0.0,1.0,1.0,1.0,1.0,0.0
ideal,t8_l1,revoke,family_shift,patient,6.0,0.0,0.0,0.0,0.0,0.0
ideal,t8_l1,revoke,family_shift,cycler,13.0,0.0,0.0,0.0,0.0,0.0
ideal,t8_l1,revoke,family_shift,benign_burst,0.0,1.0,11.0,1.0,11.0,0.0
ideal,t8_l1,revoke,family_shift,benign_recovery,0.0,1.0,6.0,1.0,6.0,0.0
coverage_half,t12_l0,deception,test,fast,2.38,0.675,0.0,0.0,0.0,0.0
coverage_half,t12_l0,deception,test,switcher,2.725,0.54,0.0,0.0,0.0,0.0
coverage_half,t12_l0,deception,test,slow,1.95,0.68,0.0,0.0,0.0,0.0
coverage_half,t12_l0,deception,test,avoider,23.0,0.0,0.0,0.0,0.0,0.0
coverage_half,t12_l0,deception,test,benign_build,0.0,0.0,0.0,0.0,0.0,0.0
coverage_half,t12_l0,deception,test,benign_admin,0.0,0.78,3.705,0.78,3.705,0.0
coverage_half,t12_l0,deception,test,benign_drill,0.0,0.93,12.745,0.93,12.745,0.0
coverage_half,t12_l0,deception,family_shift,patient,1.825,0.69,0.0,0.0,0.0,0.0
coverage_half,t12_l0,deception,family_shift,cycler,2.575,0.505,0.0,0.0,0.0,0.0
coverage_half,t12_l0,deception,family_shift,benign_burst,0.0,1.0,14.83,1.0,14.83,0.0
coverage_half,t12_l0,deception,family_shift,benign_recovery,0.0,0.99,12.515,0.99,12.515,0.0
coverage_half,t20_l0,deception,test,fast,3.025,0.55,0.0,0.0,0.0,0.0
coverage_half,t20_l0,deception,test,switcher,2.995,0.54,0.0,0.0,0.0,0.0
coverage_half,t20_l0,deception,test,slow,2.44,0.555,0.0,0.0,0.0,0.0
coverage_half,t20_l0,deception,test,avoider,23.0,0.0,0.0,0.0,0.0,0.0
coverage_half,t20_l0,deception,test,benign_build,0.0,0.0,0.0,0.0,0.0,0.0
coverage_half,t20_l0,deception,test,benign_admin,0.0,0.15,1.665,0.15,1.665,0.0
coverage_half,t20_l0,deception,test,benign_drill,0.0,0.765,8.09,0.765,8.09,0.0
coverage_half,t20_l0,deception,family_shift,patient,2.095,0.585,0.0,0.0,0.0,0.0
coverage_half,t20_l0,deception,family_shift,cycler,2.795,0.505,0.0,0.0,0.0,0.0
coverage_half,t20_l0,deception,family_shift,benign_burst,0.0,0.95,10.68,0.95,10.68,0.0
coverage_half,t20_l0,deception,family_shift,benign_recovery,0.0,0.905,7.68,0.905,7.68,0.0
coverage_half,t20_l1,deception,test,fast,3.635,0.55,0.0,0.0,0.0,0.0
coverage_half,t20_l1,deception,test,switcher,4.56,0.27,0.0,0.0,0.0,0.0
coverage_half,t20_l1,deception,test,slow,2.44,0.555,0.0,0.0,0.0,0.0
coverage_half,t20_l1,deception,test,avoider,23.0,0.0,0.0,0.0,0.0,0.0
coverage_half,t20_l1,deception,test,benign_build,0.0,0.0,0.0,0.0,0.0,0.0
coverage_half,t20_l1,deception,test,benign_admin,0.0,0.15,1.515,0.15,1.515,0.0
coverage_half,t20_l1,deception,test,benign_drill,0.0,0.765,7.27,0.765,7.27,0.0
coverage_half,t20_l1,deception,family_shift,patient,2.095,0.585,0.0,0.0,0.0,0.0
coverage_half,t20_l1,deception,family_shift,cycler,4.575,0.285,0.0,0.0,0.0,0.0
coverage_half,t20_l1,deception,family_shift,benign_burst,0.0,0.95,9.76,0.95,9.76,0.0
coverage_half,t20_l1,deception,family_shift,benign_recovery,0.0,0.905,6.775,0.905,6.775,0.0
coverage_half,t5_l0,deception,test,fast,0.83,1.0,0.0,0.0,0.0,0.0
coverage_half,t5_l0,deception,test,switcher,2.725,0.54,0.0,0.0,0.0,0.0
coverage_half,t5_l0,deception,test,slow,0.82,1.0,0.0,0.0,0.0,0.0
coverage_half,t5_l0,deception,test,avoider,2.0,1.0,0.0,0.0,0.0,0.0
coverage_half,t5_l0,deception,test,benign_build,0.0,0.0,0.0,0.0,0.0,0.0
coverage_half,t5_l0,deception,test,benign_admin,0.0,1.0,9.295,1.0,9.295,0.0
coverage_half,t5_l0,deception,test,benign_drill,0.0,1.0,15.83,1.0,15.83,0.0
coverage_half,t5_l0,deception,family_shift,patient,0.775,1.0,0.0,0.0,0.0,0.0
coverage_half,t5_l0,deception,family_shift,cycler,2.575,0.505,0.0,0.0,0.0,0.0
coverage_half,t5_l0,deception,family_shift,benign_burst,0.0,1.0,17.83,1.0,17.83,0.0
coverage_half,t5_l0,deception,family_shift,benign_recovery,0.0,1.0,16.105,1.0,16.105,0.0
coverage_half,t8_l1,deception,test,fast,2.505,0.675,0.0,0.0,0.0,0.0
coverage_half,t8_l1,deception,test,switcher,2.725,0.54,0.0,0.0,0.0,0.0
coverage_half,t8_l1,deception,test,slow,1.95,0.68,0.0,0.0,0.0,0.0
coverage_half,t8_l1,deception,test,avoider,23.0,0.0,0.0,0.0,0.0,0.0
coverage_half,t8_l1,deception,test,benign_build,0.0,0.0,0.0,0.0,0.0,0.0
coverage_half,t8_l1,deception,test,benign_admin,0.0,0.78,7.1,0.78,7.1,0.0
coverage_half,t8_l1,deception,test,benign_drill,0.0,1.0,13.415,1.0,13.415,0.0
coverage_half,t8_l1,deception,family_shift,patient,1.72,0.69,0.0,0.0,0.0,0.0
coverage_half,t8_l1,deception,family_shift,cycler,2.575,0.505,0.0,0.0,0.0,0.0
coverage_half,t8_l1,deception,family_shift,benign_burst,0.0,1.0,15.015,1.0,15.015,0.0
coverage_half,t8_l1,deception,family_shift,benign_recovery,0.0,1.0,14.485,1.0,14.485,0.0
coverage_half,t5_l0,deception_silent,test,fast,0.83,1.0,0.0,0.0,0.0,0.0
coverage_half,t5_l0,deception_silent,test,switcher,2.725,0.54,0.0,0.0,0.0,0.0
coverage_half,t5_l0,deception_silent,test,slow,0.82,1.0,0.0,0.0,0.0,0.0
coverage_half,t5_l0,deception_silent,test,avoider,2.0,1.0,0.0,0.0,0.0,0.0
coverage_half,t5_l0,deception_silent,test,benign_build,0.0,0.0,0.0,0.0,0.0,0.0
coverage_half,t5_l0,deception_silent,test,benign_admin,0.0,1.0,6.005,1.0,6.005,0.0
coverage_half,t5_l0,deception_silent,test,benign_drill,0.0,1.0,14.57,1.0,14.57,0.0
coverage_half,t5_l0,deception_silent,family_shift,patient,0.775,1.0,0.0,0.0,0.0,0.0
coverage_half,t5_l0,deception_silent,family_shift,cycler,2.575,0.505,0.0,0.0,0.0,0.0
coverage_half,t5_l0,deception_silent,family_shift,benign_burst,0.0,1.0,17.64,1.0,17.64,0.0
coverage_half,t5_l0,deception_silent,family_shift,benign_recovery,0.0,1.0,13.325,1.0,13.325,0.0
coverage_half,t5_l1,deception_silent,test,fast,2.505,0.675,0.0,0.0,0.0,0.0
coverage_half,t5_l1,deception_silent,test,switcher,2.725,0.54,0.0,0.0,0.0,0.0
coverage_half,t5_l1,deception_silent,test,slow,0.82,1.0,0.0,0.0,0.0,0.0
coverage_half,t5_l1,deception_silent,test,avoider,23.0,0.0,0.0,0.0,0.0,0.0
coverage_half,t5_l1,deception_silent,test,benign_build,0.0,0.0,0.0,0.0,0.0,0.0
coverage_half,t5_l1,deception_silent,test,benign_admin,0.0,1.0,5.005,1.0,5.005,0.0
coverage_half,t5_l1,deception_silent,test,benign_drill,0.0,1.0,11.93,1.0,11.93,0.0
coverage_half,t5_l1,deception_silent,family_shift,patient,0.775,1.0,0.0,0.0,0.0,0.0
coverage_half,t5_l1,deception_silent,family_shift,cycler,2.575,0.505,0.0,0.0,0.0,0.0
coverage_half,t5_l1,deception_silent,family_shift,benign_burst,0.0,1.0,16.64,1.0,16.64,0.0
coverage_half,t5_l1,deception_silent,family_shift,benign_recovery,0.0,1.0,12.325,1.0,12.325,0.0
coverage_half,t8_l0,deception_silent,test,fast,2.505,0.675,0.0,0.0,0.0,0.0
coverage_half,t8_l0,deception_silent,test,switcher,2.995,0.54,0.0,0.0,0.0,0.0
coverage_half,t8_l0,deception_silent,test,slow,2.075,0.68,0.0,0.0,0.0,0.0
coverage_half,t8_l0,deception_silent,test,avoider,23.0,0.0,0.0,0.0,0.0,0.0
coverage_half,t8_l0,deception_silent,test,benign_build,0.0,0.0,0.0,0.0,0.0,0.0
coverage_half,t8_l0,deception_silent,test,benign_admin,0.0,0.0,1.36,0.0,1.36,0.0
coverage_half,t8_l0,deception_silent,test,benign_drill,0.0,1.0,8.56,1.0,8.56,0.0
coverage_half,t8_l0,deception_silent,family_shift,patient,1.825,0.69,0.0,0.0,0.0,0.0
coverage_half,t8_l0,deception_silent,family_shift,cycler,2.795,0.505,0.0,0.0,0.0,0.0
coverage_half,t8_l0,deception_silent,family_shift,benign_burst,0.0,1.0,13.4,1.0,13.4,0.0
coverage_half,t8_l0,deception_silent,family_shift,benign_recovery,0.0,1.0,8.995,1.0,8.995,0.0
coverage_half,t8_l1,deception_silent,test,fast,3.28,0.55,0.0,0.0,0.0,0.0
coverage_half,t8_l1,deception_silent,test,switcher,4.28,0.27,0.0,0.0,0.0,0.0
coverage_half,t8_l1,deception_silent,test,slow,2.075,0.68,0.0,0.0,0.0,0.0
coverage_half,t8_l1,deception_silent,test,avoider,23.0,0.0,0.0,0.0,0.0,0.0
coverage_half,t8_l1,deception_silent,test,benign_build,0.0,0.0,0.0,0.0,0.0,0.0
coverage_half,t8_l1,deception_silent,test,benign_admin,0.0,0.0,1.36,0.0,1.36,0.0
coverage_half,t8_l1,deception_silent,test,benign_drill,0.0,1.0,7.505,1.0,7.505,0.0
coverage_half,t8_l1,deception_silent,family_shift,patient,1.825,0.69,0.0,0.0,0.0,0.0
coverage_half,t8_l1,deception_silent,family_shift,cycler,3.7,0.285,0.0,0.0,0.0,0.0
coverage_half,t8_l1,deception_silent,family_shift,benign_burst,0.0,1.0,12.4,1.0,12.4,0.0
coverage_half,t8_l1,deception_silent,family_shift,benign_recovery,0.0,1.0,7.995,1.0,7.995,0.0
coverage_half,t12_l0,isolate,test,fast,13.5,0.5,0.0,0.0,0.0,0.0
coverage_half,t12_l0,isolate,test,switcher,9.88,0.51,0.0,0.0,0.0,0.0
coverage_half,t12_l0,isolate,test,slow,5.86,0.535,0.0,0.0,0.0,0.0
coverage_half,t12_l0,isolate,test,avoider,14.545,0.445,0.0,0.0,0.0,0.0
coverage_half,t12_l0,isolate,test,benign_build,0.0,0.0,0.0,0.0,0.0,0.0
coverage_half,t12_l0,isolate,test,benign_admin,0.0,0.0,0.0,0.0,0.0,0.0
coverage_half,t12_l0,isolate,test,benign_drill,0.0,0.0,0.0,0.0,0.0,0.0
coverage_half,t12_l0,isolate,family_shift,patient,5.51,0.49,0.0,0.0,0.0,0.0
coverage_half,t12_l0,isolate,family_shift,cycler,9.085,0.435,0.0,0.0,0.0,0.0
coverage_half,t12_l0,isolate,family_shift,benign_burst,0.0,1.0,7.0,1.0,7.0,0.0
coverage_half,t12_l0,isolate,family_shift,benign_recovery,0.0,0.0,0.0,0.0,0.0,0.0
coverage_half,t5_l0,isolate,test,fast,2.0,1.0,0.0,0.0,0.0,0.0
coverage_half,t5_l0,isolate,test,switcher,8.86,0.51,0.0,0.0,0.0,0.0
coverage_half,t5_l0,isolate,test,slow,2.0,1.0,0.0,0.0,0.0,0.0
coverage_half,t5_l0,isolate,test,avoider,2.0,1.0,0.0,0.0,0.0,0.0
coverage_half,t5_l0,isolate,test,benign_build,0.0,0.0,0.0,0.0,0.0,0.0
coverage_half,t5_l0,isolate,test,benign_admin,0.0,1.0,5.0,1.0,5.0,0.0
coverage_half,t5_l0,isolate,test,benign_drill,0.0,1.0,11.0,1.0,11.0,0.0
coverage_half,t5_l0,isolate,family_shift,patient,2.0,1.0,0.0,0.0,0.0,0.0
coverage_half,t5_l0,isolate,family_shift,cycler,8.215,0.435,0.0,0.0,0.0,0.0
coverage_half,t5_l0,isolate,family_shift,benign_burst,0.0,1.0,17.0,1.0,17.0,0.0
coverage_half,t5_l0,isolate,family_shift,benign_recovery,0.0,1.0,12.0,1.0,12.0,0.0
coverage_half,t8_l0,isolate,test,fast,13.0,0.5,0.0,0.0,0.0,0.0
coverage_half,t8_l0,isolate,test,switcher,9.37,0.51,0.0,0.0,0.0,0.0
coverage_half,t8_l0,isolate,test,slow,5.325,0.535,0.0,0.0,0.0,0.0
coverage_half,t8_l0,isolate,test,avoider,14.1,0.445,0.0,0.0,0.0,0.0
coverage_half,t8_l0,isolate,test,benign_build,0.0,0.0,0.0,0.0,0.0,0.0
coverage_half,t8_l0,isolate,test,benign_admin,0.0,0.0,0.0,0.0,0.0,0.0
coverage_half,t8_l0,isolate,test,benign_drill,0.0,1.0,2.0,1.0,2.0,0.0
coverage_half,t8_l0,isolate,family_shift,patient,5.02,0.49,0.0,0.0,0.0,0.0
coverage_half,t8_l0,isolate,family_shift,cycler,8.65,0.435,0.0,0.0,0.0,0.0
coverage_half,t8_l0,isolate,family_shift,benign_burst,0.0,1.0,12.0,1.0,12.0,0.0
coverage_half,t8_l0,isolate,family_shift,benign_recovery,0.0,1.0,7.0,1.0,7.0,0.0
coverage_half,t8_l1,isolate,test,fast,13.5,0.5,0.0,0.0,0.0,0.0
coverage_half,t8_l1,isolate,test,switcher,9.88,0.51,0.0,0.0,0.0,0.0
coverage_half,t8_l1,isolate,test,slow,5.325,0.535,0.0,0.0,0.0,0.0
coverage_half,t8_l1,isolate,test,avoider,14.545,0.445,0.0,0.0,0.0,0.0
coverage_half,t8_l1,isolate,test,benign_build,0.0,0.0,0.0,0.0,0.0,0.0
coverage_half,t8_l1,isolate,test,benign_admin,0.0,0.0,0.0,0.0,0.0,0.0
coverage_half,t8_l1,isolate,test,benign_drill,0.0,1.0,1.0,1.0,1.0,0.0
coverage_half,t8_l1,isolate,family_shift,patient,5.02,0.49,0.0,0.0,0.0,0.0
coverage_half,t8_l1,isolate,family_shift,cycler,9.085,0.435,0.0,0.0,0.0,0.0
coverage_half,t8_l1,isolate,family_shift,benign_burst,0.0,1.0,11.0,1.0,11.0,0.0
coverage_half,t8_l1,isolate,family_shift,benign_recovery,0.0,1.0,6.0,1.0,6.0,0.0
coverage_half,t12_l0,revoke,test,fast,23.0,0.0,0.0,0.0,0.0,0.0
coverage_half,t12_l0,revoke,test,switcher,16.0,0.0,0.0,0.0,0.0,0.0
coverage_half,t12_l0,revoke,test,slow,8.0,0.0,0.0,0.0,0.0,0.0
coverage_half,t12_l0,revoke,test,avoider,23.0,0.0,0.0,0.0,0.0,0.0
coverage_half,t12_l0,revoke,test,benign_build,0.0,0.0,0.0,0.0,0.0,0.0
coverage_half,t12_l0,revoke,test,benign_admin,0.0,0.0,0.0,0.0,0.0,0.0
coverage_half,t12_l0,revoke,test,benign_drill,0.0,0.0,0.0,0.0,0.0,0.0
coverage_half,t12_l0,revoke,family_shift,patient,6.0,0.0,0.0,0.0,0.0,0.0
coverage_half,t12_l0,revoke,family_shift,cycler,13.0,0.0,0.0,0.0,0.0,0.0
coverage_half,t12_l0,revoke,family_shift,benign_burst,0.0,1.0,7.0,1.0,7.0,0.0
coverage_half,t12_l0,revoke,family_shift,benign_recovery,0.0,0.0,0.0,0.0,0.0,0.0
coverage_half,t5_l0,revoke,test,fast,2.0,1.0,0.0,0.0,0.0,0.0
coverage_half,t5_l0,revoke,test,switcher,16.0,0.0,0.0,0.0,0.0,0.0
coverage_half,t5_l0,revoke,test,slow,2.0,1.0,0.0,0.0,0.0,0.0
coverage_half,t5_l0,revoke,test,avoider,2.0,1.0,0.0,0.0,0.0,0.0
coverage_half,t5_l0,revoke,test,benign_build,0.0,0.0,0.0,0.0,0.0,0.0
coverage_half,t5_l0,revoke,test,benign_admin,0.0,1.0,5.0,1.0,5.0,0.0
coverage_half,t5_l0,revoke,test,benign_drill,0.0,1.0,11.0,1.0,11.0,0.0
coverage_half,t5_l0,revoke,family_shift,patient,2.0,1.0,0.0,0.0,0.0,0.0
coverage_half,t5_l0,revoke,family_shift,cycler,13.0,0.0,0.0,0.0,0.0,0.0
coverage_half,t5_l0,revoke,family_shift,benign_burst,0.0,1.0,17.0,1.0,17.0,0.0
coverage_half,t5_l0,revoke,family_shift,benign_recovery,0.0,1.0,12.0,1.0,12.0,0.0
coverage_half,t8_l1,revoke,test,fast,23.0,0.0,0.0,0.0,0.0,0.0
coverage_half,t8_l1,revoke,test,switcher,16.0,0.0,0.0,0.0,0.0,0.0
coverage_half,t8_l1,revoke,test,slow,8.0,0.0,0.0,0.0,0.0,0.0
coverage_half,t8_l1,revoke,test,avoider,23.0,0.0,0.0,0.0,0.0,0.0
coverage_half,t8_l1,revoke,test,benign_build,0.0,0.0,0.0,0.0,0.0,0.0
coverage_half,t8_l1,revoke,test,benign_admin,0.0,0.0,0.0,0.0,0.0,0.0
coverage_half,t8_l1,revoke,test,benign_drill,0.0,1.0,1.0,1.0,1.0,0.0
coverage_half,t8_l1,revoke,family_shift,patient,6.0,0.0,0.0,0.0,0.0,0.0
coverage_half,t8_l1,revoke,family_shift,cycler,13.0,0.0,0.0,0.0,0.0,0.0
coverage_half,t8_l1,revoke,family_shift,benign_burst,0.0,1.0,11.0,1.0,11.0,0.0
coverage_half,t8_l1,revoke,family_shift,benign_recovery,0.0,1.0,6.0,1.0,6.0,0.0
reliability_half,t12_l0,deception,test,fast,2.38,0.675,0.0,0.0,0.0,0.0
reliability_half,t12_l0,deception,test,switcher,2.725,0.54,0.0,0.0,0.0,0.0
reliability_half,t12_l0,deception,test,slow,1.95,0.68,0.0,0.0,0.0,0.0
reliability_half,t12_l0,deception,test,avoider,23.0,0.0,0.0,0.0,0.0,0.0
reliability_half,t12_l0,deception,test,benign_build,0.0,0.0,0.0,0.0,0.0,0.0
reliability_half,t12_l0,deception,test,benign_admin,0.0,0.78,3.705,0.78,3.705,0.0
reliability_half,t12_l0,deception,test,benign_drill,0.0,0.93,12.745,0.93,12.745,0.0
reliability_half,t12_l0,deception,family_shift,patient,1.825,0.69,0.0,0.0,0.0,0.0
reliability_half,t12_l0,deception,family_shift,cycler,2.575,0.505,0.0,0.0,0.0,0.0
reliability_half,t12_l0,deception,family_shift,benign_burst,0.0,1.0,14.83,1.0,14.83,0.0
reliability_half,t12_l0,deception,family_shift,benign_recovery,0.0,0.99,12.515,0.99,12.515,0.0
reliability_half,t20_l0,deception,test,fast,3.025,0.55,0.0,0.0,0.0,0.0
reliability_half,t20_l0,deception,test,switcher,2.995,0.54,0.0,0.0,0.0,0.0
reliability_half,t20_l0,deception,test,slow,2.44,0.555,0.0,0.0,0.0,0.0
reliability_half,t20_l0,deception,test,avoider,23.0,0.0,0.0,0.0,0.0,0.0
reliability_half,t20_l0,deception,test,benign_build,0.0,0.0,0.0,0.0,0.0,0.0
reliability_half,t20_l0,deception,test,benign_admin,0.0,0.15,1.665,0.15,1.665,0.0
reliability_half,t20_l0,deception,test,benign_drill,0.0,0.765,8.09,0.765,8.09,0.0
reliability_half,t20_l0,deception,family_shift,patient,2.095,0.585,0.0,0.0,0.0,0.0
reliability_half,t20_l0,deception,family_shift,cycler,2.795,0.505,0.0,0.0,0.0,0.0
reliability_half,t20_l0,deception,family_shift,benign_burst,0.0,0.95,10.68,0.95,10.68,0.0
reliability_half,t20_l0,deception,family_shift,benign_recovery,0.0,0.905,7.68,0.905,7.68,0.0
reliability_half,t20_l1,deception,test,fast,3.635,0.55,0.0,0.0,0.0,0.0
reliability_half,t20_l1,deception,test,switcher,4.56,0.27,0.0,0.0,0.0,0.0
reliability_half,t20_l1,deception,test,slow,2.44,0.555,0.0,0.0,0.0,0.0
reliability_half,t20_l1,deception,test,avoider,23.0,0.0,0.0,0.0,0.0,0.0
reliability_half,t20_l1,deception,test,benign_build,0.0,0.0,0.0,0.0,0.0,0.0
reliability_half,t20_l1,deception,test,benign_admin,0.0,0.15,1.515,0.15,1.515,0.0
reliability_half,t20_l1,deception,test,benign_drill,0.0,0.765,7.27,0.765,7.27,0.0
reliability_half,t20_l1,deception,family_shift,patient,2.095,0.585,0.0,0.0,0.0,0.0
reliability_half,t20_l1,deception,family_shift,cycler,4.575,0.285,0.0,0.0,0.0,0.0
reliability_half,t20_l1,deception,family_shift,benign_burst,0.0,0.95,9.76,0.95,9.76,0.0
reliability_half,t20_l1,deception,family_shift,benign_recovery,0.0,0.905,6.775,0.905,6.775,0.0
reliability_half,t5_l0,deception,test,fast,0.83,1.0,0.0,0.0,0.0,0.0
reliability_half,t5_l0,deception,test,switcher,2.725,0.54,0.0,0.0,0.0,0.0
reliability_half,t5_l0,deception,test,slow,0.82,1.0,0.0,0.0,0.0,0.0
reliability_half,t5_l0,deception,test,avoider,2.0,1.0,0.0,0.0,0.0,0.0
reliability_half,t5_l0,deception,test,benign_build,0.0,0.0,0.0,0.0,0.0,0.0
reliability_half,t5_l0,deception,test,benign_admin,0.0,1.0,9.295,1.0,9.295,0.0
reliability_half,t5_l0,deception,test,benign_drill,0.0,1.0,15.83,1.0,15.83,0.0
reliability_half,t5_l0,deception,family_shift,patient,0.775,1.0,0.0,0.0,0.0,0.0
reliability_half,t5_l0,deception,family_shift,cycler,2.575,0.505,0.0,0.0,0.0,0.0
reliability_half,t5_l0,deception,family_shift,benign_burst,0.0,1.0,17.83,1.0,17.83,0.0
reliability_half,t5_l0,deception,family_shift,benign_recovery,0.0,1.0,16.105,1.0,16.105,0.0
reliability_half,t8_l1,deception,test,fast,2.505,0.675,0.0,0.0,0.0,0.0
reliability_half,t8_l1,deception,test,switcher,2.725,0.54,0.0,0.0,0.0,0.0
reliability_half,t8_l1,deception,test,slow,1.95,0.68,0.0,0.0,0.0,0.0
reliability_half,t8_l1,deception,test,avoider,23.0,0.0,0.0,0.0,0.0,0.0
reliability_half,t8_l1,deception,test,benign_build,0.0,0.0,0.0,0.0,0.0,0.0
reliability_half,t8_l1,deception,test,benign_admin,0.0,0.78,7.1,0.78,7.1,0.0
reliability_half,t8_l1,deception,test,benign_drill,0.0,1.0,13.415,1.0,13.415,0.0
reliability_half,t8_l1,deception,family_shift,patient,1.72,0.69,0.0,0.0,0.0,0.0
reliability_half,t8_l1,deception,family_shift,cycler,2.575,0.505,0.0,0.0,0.0,0.0
reliability_half,t8_l1,deception,family_shift,benign_burst,0.0,1.0,15.015,1.0,15.015,0.0
reliability_half,t8_l1,deception,family_shift,benign_recovery,0.0,1.0,14.485,1.0,14.485,0.0
reliability_half,t5_l0,deception_silent,test,fast,0.83,1.0,0.0,0.0,0.0,0.0
reliability_half,t5_l0,deception_silent,test,switcher,2.725,0.54,0.0,0.0,0.0,0.0
reliability_half,t5_l0,deception_silent,test,slow,0.82,1.0,0.0,0.0,0.0,0.0
reliability_half,t5_l0,deception_silent,test,avoider,2.0,1.0,0.0,0.0,0.0,0.0
reliability_half,t5_l0,deception_silent,test,benign_build,0.0,0.0,0.0,0.0,0.0,0.0
reliability_half,t5_l0,deception_silent,test,benign_admin,0.0,1.0,6.005,1.0,6.005,0.0
reliability_half,t5_l0,deception_silent,test,benign_drill,0.0,1.0,14.57,1.0,14.57,0.0
reliability_half,t5_l0,deception_silent,family_shift,patient,0.775,1.0,0.0,0.0,0.0,0.0
reliability_half,t5_l0,deception_silent,family_shift,cycler,2.575,0.505,0.0,0.0,0.0,0.0
reliability_half,t5_l0,deception_silent,family_shift,benign_burst,0.0,1.0,17.64,1.0,17.64,0.0
reliability_half,t5_l0,deception_silent,family_shift,benign_recovery,0.0,1.0,13.325,1.0,13.325,0.0
reliability_half,t5_l1,deception_silent,test,fast,2.505,0.675,0.0,0.0,0.0,0.0
reliability_half,t5_l1,deception_silent,test,switcher,2.725,0.54,0.0,0.0,0.0,0.0
reliability_half,t5_l1,deception_silent,test,slow,0.82,1.0,0.0,0.0,0.0,0.0
reliability_half,t5_l1,deception_silent,test,avoider,23.0,0.0,0.0,0.0,0.0,0.0
reliability_half,t5_l1,deception_silent,test,benign_build,0.0,0.0,0.0,0.0,0.0,0.0
reliability_half,t5_l1,deception_silent,test,benign_admin,0.0,1.0,5.005,1.0,5.005,0.0
reliability_half,t5_l1,deception_silent,test,benign_drill,0.0,1.0,11.93,1.0,11.93,0.0
reliability_half,t5_l1,deception_silent,family_shift,patient,0.775,1.0,0.0,0.0,0.0,0.0
reliability_half,t5_l1,deception_silent,family_shift,cycler,2.575,0.505,0.0,0.0,0.0,0.0
reliability_half,t5_l1,deception_silent,family_shift,benign_burst,0.0,1.0,16.64,1.0,16.64,0.0
reliability_half,t5_l1,deception_silent,family_shift,benign_recovery,0.0,1.0,12.325,1.0,12.325,0.0
reliability_half,t8_l0,deception_silent,test,fast,2.505,0.675,0.0,0.0,0.0,0.0
reliability_half,t8_l0,deception_silent,test,switcher,2.995,0.54,0.0,0.0,0.0,0.0
reliability_half,t8_l0,deception_silent,test,slow,2.075,0.68,0.0,0.0,0.0,0.0
reliability_half,t8_l0,deception_silent,test,avoider,23.0,0.0,0.0,0.0,0.0,0.0
reliability_half,t8_l0,deception_silent,test,benign_build,0.0,0.0,0.0,0.0,0.0,0.0
reliability_half,t8_l0,deception_silent,test,benign_admin,0.0,0.0,1.36,0.0,1.36,0.0
reliability_half,t8_l0,deception_silent,test,benign_drill,0.0,1.0,8.56,1.0,8.56,0.0
reliability_half,t8_l0,deception_silent,family_shift,patient,1.825,0.69,0.0,0.0,0.0,0.0
reliability_half,t8_l0,deception_silent,family_shift,cycler,2.795,0.505,0.0,0.0,0.0,0.0
reliability_half,t8_l0,deception_silent,family_shift,benign_burst,0.0,1.0,13.4,1.0,13.4,0.0
reliability_half,t8_l0,deception_silent,family_shift,benign_recovery,0.0,1.0,8.995,1.0,8.995,0.0
reliability_half,t8_l1,deception_silent,test,fast,3.28,0.55,0.0,0.0,0.0,0.0
reliability_half,t8_l1,deception_silent,test,switcher,4.28,0.27,0.0,0.0,0.0,0.0
reliability_half,t8_l1,deception_silent,test,slow,2.075,0.68,0.0,0.0,0.0,0.0
reliability_half,t8_l1,deception_silent,test,avoider,23.0,0.0,0.0,0.0,0.0,0.0
reliability_half,t8_l1,deception_silent,test,benign_build,0.0,0.0,0.0,0.0,0.0,0.0
reliability_half,t8_l1,deception_silent,test,benign_admin,0.0,0.0,1.36,0.0,1.36,0.0
reliability_half,t8_l1,deception_silent,test,benign_drill,0.0,1.0,7.505,1.0,7.505,0.0
reliability_half,t8_l1,deception_silent,family_shift,patient,1.825,0.69,0.0,0.0,0.0,0.0
reliability_half,t8_l1,deception_silent,family_shift,cycler,3.7,0.285,0.0,0.0,0.0,0.0
reliability_half,t8_l1,deception_silent,family_shift,benign_burst,0.0,1.0,12.4,1.0,12.4,0.0
reliability_half,t8_l1,deception_silent,family_shift,benign_recovery,0.0,1.0,7.995,1.0,7.995,0.0
reliability_half,t12_l0,isolate,test,fast,13.405,0.505,0.0,0.0,0.0,0.0
reliability_half,t12_l0,isolate,test,switcher,9.28,0.56,0.0,0.0,0.0,0.0
reliability_half,t12_l0,isolate,test,slow,5.88,0.53,0.0,0.0,0.0,0.0
reliability_half,t12_l0,isolate,test,avoider,14.07,0.47,0.0,0.0,0.0,0.0
reliability_half,t12_l0,isolate,test,benign_build,0.0,0.0,0.0,0.0,0.0,0.0
reliability_half,t12_l0,isolate,test,benign_admin,0.0,0.0,0.0,0.0,0.0,0.0
reliability_half,t12_l0,isolate,test,benign_drill,0.0,0.0,0.0,0.0,0.0,0.0
reliability_half,t12_l0,isolate,family_shift,patient,5.525,0.475,0.0,0.0,0.0,0.0
reliability_half,t12_l0,isolate,family_shift,cycler,7.96,0.56,0.0,0.0,0.0,0.0
reliability_half,t12_l0,isolate,family_shift,benign_burst,0.0,1.0,7.0,1.0,7.0,0.0
reliability_half,t12_l0,isolate,family_shift,benign_recovery,0.0,0.0,0.0,0.0,0.0,0.0
reliability_half,t5_l0,isolate,test,fast,2.0,1.0,0.0,0.0,0.0,0.0
reliability_half,t5_l0,isolate,test,switcher,8.16,0.56,0.0,0.0,0.0,0.0
reliability_half,t5_l0,isolate,test,slow,2.0,1.0,0.0,0.0,0.0,0.0
reliability_half,t5_l0,isolate,test,avoider,2.0,1.0,0.0,0.0,0.0,0.0
reliability_half,t5_l0,isolate,test,benign_build,0.0,0.0,0.0,0.0,0.0,0.0
reliability_half,t5_l0,isolate,test,benign_admin,0.0,1.0,5.0,1.0,5.0,0.0
reliability_half,t5_l0,isolate,test,benign_drill,0.0,1.0,11.0,1.0,11.0,0.0
reliability_half,t5_l0,isolate,family_shift,patient,2.0,1.0,0.0,0.0,0.0,0.0
reliability_half,t5_l0,isolate,family_shift,cycler,6.84,0.56,0.0,0.0,0.0,0.0
reliability_half,t5_l0,isolate,family_shift,benign_burst,0.0,1.0,17.0,1.0,17.0,0.0
reliability_half,t5_l0,isolate,family_shift,benign_recovery,0.0,1.0,12.0,1.0,12.0,0.0
reliability_half,t8_l0,isolate,test,fast,12.9,0.505,0.0,0.0,0.0,0.0
reliability_half,t8_l0,isolate,test,switcher,8.72,0.56,0.0,0.0,0.0,0.0
reliability_half,t8_l0,isolate,test,slow,5.35,0.53,0.0,0.0,0.0,0.0
reliability_half,t8_l0,isolate,test,avoider,13.6,0.47,0.0,0.0,0.0,0.0
reliability_half,t8_l0,isolate,test,benign_build,0.0,0.0,0.0,0.0,0.0,0.0
reliability_half,t8_l0,isolate,test,benign_admin,0.0,0.0,0.0,0.0,0.0,0.0
reliability_half,t8_l0,isolate,test,benign_drill,0.0,1.0,2.0,1.0,2.0,0.0
reliability_half,t8_l0,isolate,family_shift,patient,5.05,0.475,0.0,0.0,0.0,0.0
reliability_half,t8_l0,isolate,family_shift,cycler,7.4,0.56,0.0,0.0,0.0,0.0
reliability_half,t8_l0,isolate,family_shift,benign_burst,0.0,1.0,12.0,1.0,12.0,0.0
reliability_half,t8_l0,isolate,family_shift,benign_recovery,0.0,1.0,7.0,1.0,7.0,0.0
reliability_half,t8_l1,isolate,test,fast,13.405,0.505,0.0,0.0,0.0,0.0
reliability_half,t8_l1,isolate,test,switcher,9.28,0.56,0.0,0.0,0.0,0.0
reliability_half,t8_l1,isolate,test,slow,5.35,0.53,0.0,0.0,0.0,0.0
reliability_half,t8_l1,isolate,test,avoider,14.07,0.47,0.0,0.0,0.0,0.0
reliability_half,t8_l1,isolate,test,benign_build,0.0,0.0,0.0,0.0,0.0,0.0
reliability_half,t8_l1,isolate,test,benign_admin,0.0,0.0,0.0,0.0,0.0,0.0
reliability_half,t8_l1,isolate,test,benign_drill,0.0,1.0,1.0,1.0,1.0,0.0
reliability_half,t8_l1,isolate,family_shift,patient,5.05,0.475,0.0,0.0,0.0,0.0
reliability_half,t8_l1,isolate,family_shift,cycler,7.96,0.56,0.0,0.0,0.0,0.0
reliability_half,t8_l1,isolate,family_shift,benign_burst,0.0,1.0,11.0,1.0,11.0,0.0
reliability_half,t8_l1,isolate,family_shift,benign_recovery,0.0,1.0,6.0,1.0,6.0,0.0
reliability_half,t12_l0,revoke,test,fast,23.0,0.0,0.0,0.0,0.0,0.0
reliability_half,t12_l0,revoke,test,switcher,16.0,0.0,0.0,0.0,0.0,0.0
reliability_half,t12_l0,revoke,test,slow,8.0,0.0,0.0,0.0,0.0,0.0
reliability_half,t12_l0,revoke,test,avoider,23.0,0.0,0.0,0.0,0.0,0.0
reliability_half,t12_l0,revoke,test,benign_build,0.0,0.0,0.0,0.0,0.0,0.0
reliability_half,t12_l0,revoke,test,benign_admin,0.0,0.0,0.0,0.0,0.0,0.0
reliability_half,t12_l0,revoke,test,benign_drill,0.0,0.0,0.0,0.0,0.0,0.0
reliability_half,t12_l0,revoke,family_shift,patient,6.0,0.0,0.0,0.0,0.0,0.0
reliability_half,t12_l0,revoke,family_shift,cycler,13.0,0.0,0.0,0.0,0.0,0.0
reliability_half,t12_l0,revoke,family_shift,benign_burst,0.0,1.0,7.0,1.0,7.0,0.0
reliability_half,t12_l0,revoke,family_shift,benign_recovery,0.0,0.0,0.0,0.0,0.0,0.0
reliability_half,t5_l0,revoke,test,fast,2.0,1.0,0.0,0.0,0.0,0.0
reliability_half,t5_l0,revoke,test,switcher,16.0,0.0,0.0,0.0,0.0,0.0
reliability_half,t5_l0,revoke,test,slow,2.0,1.0,0.0,0.0,0.0,0.0
reliability_half,t5_l0,revoke,test,avoider,2.0,1.0,0.0,0.0,0.0,0.0
reliability_half,t5_l0,revoke,test,benign_build,0.0,0.0,0.0,0.0,0.0,0.0
reliability_half,t5_l0,revoke,test,benign_admin,0.0,1.0,5.0,1.0,5.0,0.0
reliability_half,t5_l0,revoke,test,benign_drill,0.0,1.0,11.0,1.0,11.0,0.0
reliability_half,t5_l0,revoke,family_shift,patient,2.0,1.0,0.0,0.0,0.0,0.0
reliability_half,t5_l0,revoke,family_shift,cycler,13.0,0.0,0.0,0.0,0.0,0.0
reliability_half,t5_l0,revoke,family_shift,benign_burst,0.0,1.0,17.0,1.0,17.0,0.0
reliability_half,t5_l0,revoke,family_shift,benign_recovery,0.0,1.0,12.0,1.0,12.0,0.0
reliability_half,t8_l1,revoke,test,fast,23.0,0.0,0.0,0.0,0.0,0.0
reliability_half,t8_l1,revoke,test,switcher,16.0,0.0,0.0,0.0,0.0,0.0
reliability_half,t8_l1,revoke,test,slow,8.0,0.0,0.0,0.0,0.0,0.0
reliability_half,t8_l1,revoke,test,avoider,23.0,0.0,0.0,0.0,0.0,0.0
reliability_half,t8_l1,revoke,test,benign_build,0.0,0.0,0.0,0.0,0.0,0.0
reliability_half,t8_l1,revoke,test,benign_admin,0.0,0.0,0.0,0.0,0.0,0.0
reliability_half,t8_l1,revoke,test,benign_drill,0.0,1.0,1.0,1.0,1.0,0.0
reliability_half,t8_l1,revoke,family_shift,patient,6.0,0.0,0.0,0.0,0.0,0.0
reliability_half,t8_l1,revoke,family_shift,cycler,13.0,0.0,0.0,0.0,0.0,0.0
reliability_half,t8_l1,revoke,family_shift,benign_burst,0.0,1.0,11.0,1.0,11.0,0.0
reliability_half,t8_l1,revoke,family_shift,benign_recovery,0.0,1.0,6.0,1.0,6.0,0.0
collateral_quarter,t12_l0,deception,test,fast,2.38,0.675,0.0,0.0,0.0,0.0
collateral_quarter,t12_l0,deception,test,switcher,2.725,0.54,0.0,0.0,0.0,0.0
collateral_quarter,t12_l0,deception,test,slow,1.95,0.68,0.0,0.0,0.0,0.0
collateral_quarter,t12_l0,deception,test,avoider,23.0,0.0,0.0,0.0,0.0,0.0
collateral_quarter,t12_l0,deception,test,benign_build,0.0,0.0,0.0,0.0,0.0,0.0
collateral_quarter,t12_l0,deception,test,benign_admin,0.0,0.78,3.705,0.78,3.705,0.0
collateral_quarter,t12_l0,deception,test,benign_drill,0.0,0.93,12.745,0.93,12.745,0.0
collateral_quarter,t12_l0,deception,family_shift,patient,1.825,0.69,0.0,0.0,0.0,0.0
collateral_quarter,t12_l0,deception,family_shift,cycler,2.575,0.505,0.0,0.0,0.0,0.0
collateral_quarter,t12_l0,deception,family_shift,benign_burst,0.0,1.0,14.83,1.0,14.83,0.0
collateral_quarter,t12_l0,deception,family_shift,benign_recovery,0.0,0.99,12.515,0.99,12.515,0.0
collateral_quarter,t20_l0,deception,test,fast,3.025,0.55,0.0,0.0,0.0,0.0
collateral_quarter,t20_l0,deception,test,switcher,2.995,0.54,0.0,0.0,0.0,0.0
collateral_quarter,t20_l0,deception,test,slow,2.44,0.555,0.0,0.0,0.0,0.0
collateral_quarter,t20_l0,deception,test,avoider,23.0,0.0,0.0,0.0,0.0,0.0
collateral_quarter,t20_l0,deception,test,benign_build,0.0,0.0,0.0,0.0,0.0,0.0
collateral_quarter,t20_l0,deception,test,benign_admin,0.0,0.15,1.665,0.15,1.665,0.0
collateral_quarter,t20_l0,deception,test,benign_drill,0.0,0.765,8.09,0.765,8.09,0.0
collateral_quarter,t20_l0,deception,family_shift,patient,2.095,0.585,0.0,0.0,0.0,0.0
collateral_quarter,t20_l0,deception,family_shift,cycler,2.795,0.505,0.0,0.0,0.0,0.0
collateral_quarter,t20_l0,deception,family_shift,benign_burst,0.0,0.95,10.68,0.95,10.68,0.0
collateral_quarter,t20_l0,deception,family_shift,benign_recovery,0.0,0.905,7.68,0.905,7.68,0.0
collateral_quarter,t20_l1,deception,test,fast,3.635,0.55,0.0,0.0,0.0,0.0
collateral_quarter,t20_l1,deception,test,switcher,4.56,0.27,0.0,0.0,0.0,0.0
collateral_quarter,t20_l1,deception,test,slow,2.44,0.555,0.0,0.0,0.0,0.0
collateral_quarter,t20_l1,deception,test,avoider,23.0,0.0,0.0,0.0,0.0,0.0
collateral_quarter,t20_l1,deception,test,benign_build,0.0,0.0,0.0,0.0,0.0,0.0
collateral_quarter,t20_l1,deception,test,benign_admin,0.0,0.15,1.515,0.15,1.515,0.0
collateral_quarter,t20_l1,deception,test,benign_drill,0.0,0.765,7.27,0.765,7.27,0.0
collateral_quarter,t20_l1,deception,family_shift,patient,2.095,0.585,0.0,0.0,0.0,0.0
collateral_quarter,t20_l1,deception,family_shift,cycler,4.575,0.285,0.0,0.0,0.0,0.0
collateral_quarter,t20_l1,deception,family_shift,benign_burst,0.0,0.95,9.76,0.95,9.76,0.0
collateral_quarter,t20_l1,deception,family_shift,benign_recovery,0.0,0.905,6.775,0.905,6.775,0.0
collateral_quarter,t5_l0,deception,test,fast,0.83,1.0,0.0,0.0,0.0,0.0
collateral_quarter,t5_l0,deception,test,switcher,2.725,0.54,0.0,0.0,0.0,0.0
collateral_quarter,t5_l0,deception,test,slow,0.82,1.0,0.0,0.0,0.0,0.0
collateral_quarter,t5_l0,deception,test,avoider,2.0,1.0,0.0,0.0,0.0,0.0
collateral_quarter,t5_l0,deception,test,benign_build,0.0,0.0,0.0,0.0,0.0,0.0
collateral_quarter,t5_l0,deception,test,benign_admin,0.0,1.0,9.295,1.0,9.295,0.0
collateral_quarter,t5_l0,deception,test,benign_drill,0.0,1.0,15.83,1.0,15.83,0.0
collateral_quarter,t5_l0,deception,family_shift,patient,0.775,1.0,0.0,0.0,0.0,0.0
collateral_quarter,t5_l0,deception,family_shift,cycler,2.575,0.505,0.0,0.0,0.0,0.0
collateral_quarter,t5_l0,deception,family_shift,benign_burst,0.0,1.0,17.83,1.0,17.83,0.0
collateral_quarter,t5_l0,deception,family_shift,benign_recovery,0.0,1.0,16.105,1.0,16.105,0.0
collateral_quarter,t8_l1,deception,test,fast,2.505,0.675,0.0,0.0,0.0,0.0
collateral_quarter,t8_l1,deception,test,switcher,2.725,0.54,0.0,0.0,0.0,0.0
collateral_quarter,t8_l1,deception,test,slow,1.95,0.68,0.0,0.0,0.0,0.0
collateral_quarter,t8_l1,deception,test,avoider,23.0,0.0,0.0,0.0,0.0,0.0
collateral_quarter,t8_l1,deception,test,benign_build,0.0,0.0,0.0,0.0,0.0,0.0
collateral_quarter,t8_l1,deception,test,benign_admin,0.0,0.78,7.1,0.78,7.1,0.0
collateral_quarter,t8_l1,deception,test,benign_drill,0.0,1.0,13.415,1.0,13.415,0.0
collateral_quarter,t8_l1,deception,family_shift,patient,1.72,0.69,0.0,0.0,0.0,0.0
collateral_quarter,t8_l1,deception,family_shift,cycler,2.575,0.505,0.0,0.0,0.0,0.0
collateral_quarter,t8_l1,deception,family_shift,benign_burst,0.0,1.0,15.015,1.0,15.015,0.0
collateral_quarter,t8_l1,deception,family_shift,benign_recovery,0.0,1.0,14.485,1.0,14.485,0.0
collateral_quarter,t5_l0,deception_silent,test,fast,0.83,1.0,0.0,0.0,0.0,0.0
collateral_quarter,t5_l0,deception_silent,test,switcher,2.725,0.54,0.0,0.0,0.0,0.0
collateral_quarter,t5_l0,deception_silent,test,slow,0.82,1.0,0.0,0.0,0.0,0.0
collateral_quarter,t5_l0,deception_silent,test,avoider,2.0,1.0,0.0,0.0,0.0,0.0
collateral_quarter,t5_l0,deception_silent,test,benign_build,0.0,0.0,0.0,0.0,0.0,0.0
collateral_quarter,t5_l0,deception_silent,test,benign_admin,0.0,1.0,6.005,1.0,6.005,0.0
collateral_quarter,t5_l0,deception_silent,test,benign_drill,0.0,1.0,14.57,1.0,14.57,0.0
collateral_quarter,t5_l0,deception_silent,family_shift,patient,0.775,1.0,0.0,0.0,0.0,0.0
collateral_quarter,t5_l0,deception_silent,family_shift,cycler,2.575,0.505,0.0,0.0,0.0,0.0
collateral_quarter,t5_l0,deception_silent,family_shift,benign_burst,0.0,1.0,17.64,1.0,17.64,0.0
collateral_quarter,t5_l0,deception_silent,family_shift,benign_recovery,0.0,1.0,13.325,1.0,13.325,0.0
collateral_quarter,t5_l1,deception_silent,test,fast,2.505,0.675,0.0,0.0,0.0,0.0
collateral_quarter,t5_l1,deception_silent,test,switcher,2.725,0.54,0.0,0.0,0.0,0.0
collateral_quarter,t5_l1,deception_silent,test,slow,0.82,1.0,0.0,0.0,0.0,0.0
collateral_quarter,t5_l1,deception_silent,test,avoider,23.0,0.0,0.0,0.0,0.0,0.0
collateral_quarter,t5_l1,deception_silent,test,benign_build,0.0,0.0,0.0,0.0,0.0,0.0
collateral_quarter,t5_l1,deception_silent,test,benign_admin,0.0,1.0,5.005,1.0,5.005,0.0
collateral_quarter,t5_l1,deception_silent,test,benign_drill,0.0,1.0,11.93,1.0,11.93,0.0
collateral_quarter,t5_l1,deception_silent,family_shift,patient,0.775,1.0,0.0,0.0,0.0,0.0
collateral_quarter,t5_l1,deception_silent,family_shift,cycler,2.575,0.505,0.0,0.0,0.0,0.0
collateral_quarter,t5_l1,deception_silent,family_shift,benign_burst,0.0,1.0,16.64,1.0,16.64,0.0
collateral_quarter,t5_l1,deception_silent,family_shift,benign_recovery,0.0,1.0,12.325,1.0,12.325,0.0
collateral_quarter,t8_l0,deception_silent,test,fast,2.505,0.675,0.0,0.0,0.0,0.0
collateral_quarter,t8_l0,deception_silent,test,switcher,2.995,0.54,0.0,0.0,0.0,0.0
collateral_quarter,t8_l0,deception_silent,test,slow,2.075,0.68,0.0,0.0,0.0,0.0
collateral_quarter,t8_l0,deception_silent,test,avoider,23.0,0.0,0.0,0.0,0.0,0.0
collateral_quarter,t8_l0,deception_silent,test,benign_build,0.0,0.0,0.0,0.0,0.0,0.0
collateral_quarter,t8_l0,deception_silent,test,benign_admin,0.0,0.0,1.36,0.0,1.36,0.0
collateral_quarter,t8_l0,deception_silent,test,benign_drill,0.0,1.0,8.56,1.0,8.56,0.0
collateral_quarter,t8_l0,deception_silent,family_shift,patient,1.825,0.69,0.0,0.0,0.0,0.0
collateral_quarter,t8_l0,deception_silent,family_shift,cycler,2.795,0.505,0.0,0.0,0.0,0.0
collateral_quarter,t8_l0,deception_silent,family_shift,benign_burst,0.0,1.0,13.4,1.0,13.4,0.0
collateral_quarter,t8_l0,deception_silent,family_shift,benign_recovery,0.0,1.0,8.995,1.0,8.995,0.0
collateral_quarter,t8_l1,deception_silent,test,fast,3.28,0.55,0.0,0.0,0.0,0.0
collateral_quarter,t8_l1,deception_silent,test,switcher,4.28,0.27,0.0,0.0,0.0,0.0
collateral_quarter,t8_l1,deception_silent,test,slow,2.075,0.68,0.0,0.0,0.0,0.0
collateral_quarter,t8_l1,deception_silent,test,avoider,23.0,0.0,0.0,0.0,0.0,0.0
collateral_quarter,t8_l1,deception_silent,test,benign_build,0.0,0.0,0.0,0.0,0.0,0.0
collateral_quarter,t8_l1,deception_silent,test,benign_admin,0.0,0.0,1.36,0.0,1.36,0.0
collateral_quarter,t8_l1,deception_silent,test,benign_drill,0.0,1.0,7.505,1.0,7.505,0.0
collateral_quarter,t8_l1,deception_silent,family_shift,patient,1.825,0.69,0.0,0.0,0.0,0.0
collateral_quarter,t8_l1,deception_silent,family_shift,cycler,3.7,0.285,0.0,0.0,0.0,0.0
collateral_quarter,t8_l1,deception_silent,family_shift,benign_burst,0.0,1.0,12.4,1.0,12.4,0.0
collateral_quarter,t8_l1,deception_silent,family_shift,benign_recovery,0.0,1.0,7.995,1.0,7.995,0.0
collateral_quarter,t12_l0,isolate,test,fast,4.0,1.0,4.75,0.0,0.0,4.75
collateral_quarter,t12_l0,isolate,test,switcher,4.0,1.0,4.75,0.0,0.0,4.75
collateral_quarter,t12_l0,isolate,test,slow,4.0,1.0,3.0,0.0,0.0,3.0
collateral_quarter,t12_l0,isolate,test,avoider,4.0,1.0,4.75,0.0,0.0,4.75
collateral_quarter,t12_l0,isolate,test,benign_build,0.0,0.0,0.0,0.0,0.0,0.0
collateral_quarter,t12_l0,isolate,test,benign_admin,0.0,0.0,0.0,0.0,0.0,0.0
collateral_quarter,t12_l0,isolate,test,benign_drill,0.0,0.0,0.0,0.0,0.0,0.0
collateral_quarter,t12_l0,isolate,family_shift,patient,5.0,1.0,1.0,0.0,0.0,1.0
collateral_quarter,t12_l0,isolate,family_shift,cycler,4.0,1.0,4.75,0.0,0.0,4.75
collateral_quarter,t12_l0,isolate,family_shift,benign_burst,0.0,1.0,9.25,1.0,7.0,2.25
collateral_quarter,t12_l0,isolate,family_shift,benign_recovery,0.0,0.0,0.0,0.0,0.0,0.0
collateral_quarter,t5_l0,isolate,test,fast,2.0,1.0,5.25,0.0,0.0,5.25
collateral_quarter,t5_l0,isolate,test,switcher,2.0,1.0,5.25,0.0,0.0,5.25
collateral_quarter,t5_l0,isolate,test,slow,2.0,1.0,4.5,0.0,0.0,4.5
collateral_quarter,t5_l0,isolate,test,avoider,2.0,1.0,5.25,0.0,0.0,5.25
collateral_quarter,t5_l0,isolate,test,benign_build,0.0,0.0,0.0,0.0,0.0,0.0
collateral_quarter,t5_l0,isolate,test,benign_admin,0.0,1.0,7.25,1.0,5.0,2.25
collateral_quarter,t5_l0,isolate,test,benign_drill,0.0,1.0,14.75,1.0,11.0,3.75
collateral_quarter,t5_l0,isolate,family_shift,patient,2.0,1.0,4.0,0.0,0.0,4.0
collateral_quarter,t5_l0,isolate,family_shift,cycler,2.0,1.0,5.25,0.0,0.0,5.25
collateral_quarter,t5_l0,isolate,family_shift,benign_burst,0.0,1.0,22.25,1.0,17.0,5.25
collateral_quarter,t5_l0,isolate,family_shift,benign_recovery,0.0,1.0,15.75,1.0,12.0,3.75
collateral_quarter,t8_l0,isolate,test,fast,3.0,1.0,5.0,0.0,0.0,5.0
collateral_quarter,t8_l0,isolate,test,switcher,3.0,1.0,5.0,0.0,0.0,5.0
collateral_quarter,t8_l0,isolate,test,slow,3.0,1.0,3.75,0.0,0.0,3.75
collateral_quarter,t8_l0,isolate,test,avoider,3.0,1.0,5.0,0.0,0.0,5.0
collateral_quarter,t8_l0,isolate,test,benign_build,0.0,0.0,0.0,0.0,0.0,0.0
collateral_quarter,t8_l0,isolate,test,benign_admin,0.0,0.0,0.0,0.0,0.0,0.0
collateral_quarter,t8_l0,isolate,test,benign_drill,0.0,1.0,2.75,1.0,2.0,0.75
collateral_quarter,t8_l0,isolate,family_shift,patient,4.0,1.0,2.0,0.0,0.0,2.0
collateral_quarter,t8_l0,isolate,family_shift,cycler,3.0,1.0,5.0,0.0,0.0,5.0
collateral_quarter,t8_l0,isolate,family_shift,benign_burst,0.0,1.0,15.75,1.0,12.0,3.75
collateral_quarter,t8_l0,isolate,family_shift,benign_recovery,0.0,1.0,9.25,1.0,7.0,2.25
collateral_quarter,t8_l1,isolate,test,fast,4.0,1.0,4.75,0.0,0.0,4.75
collateral_quarter,t8_l1,isolate,test,switcher,4.0,1.0,4.75,0.0,0.0,4.75
collateral_quarter,t8_l1,isolate,test,slow,3.0,1.0,3.5,0.0,0.0,3.5
collateral_quarter,t8_l1,isolate,test,avoider,4.0,1.0,4.75,0.0,0.0,4.75
collateral_quarter,t8_l1,isolate,test,benign_build,0.0,0.0,0.0,0.0,0.0,0.0
collateral_quarter,t8_l1,isolate,test,benign_admin,0.0,0.0,0.0,0.0,0.0,0.0
collateral_quarter,t8_l1,isolate,test,benign_drill,0.0,1.0,1.5,1.0,1.0,0.5
collateral_quarter,t8_l1,isolate,family_shift,patient,4.0,1.0,1.75,0.0,0.0,1.75
collateral_quarter,t8_l1,isolate,family_shift,cycler,4.0,1.0,4.75,0.0,0.0,4.75
collateral_quarter,t8_l1,isolate,family_shift,benign_burst,0.0,1.0,14.5,1.0,11.0,3.5
collateral_quarter,t8_l1,isolate,family_shift,benign_recovery,0.0,1.0,8.0,1.0,6.0,2.0
collateral_quarter,t12_l0,revoke,test,fast,23.0,0.0,0.0,0.0,0.0,0.0
collateral_quarter,t12_l0,revoke,test,switcher,16.0,0.0,0.0,0.0,0.0,0.0
collateral_quarter,t12_l0,revoke,test,slow,8.0,0.0,0.0,0.0,0.0,0.0
collateral_quarter,t12_l0,revoke,test,avoider,23.0,0.0,0.0,0.0,0.0,0.0
collateral_quarter,t12_l0,revoke,test,benign_build,0.0,0.0,0.0,0.0,0.0,0.0
collateral_quarter,t12_l0,revoke,test,benign_admin,0.0,0.0,0.0,0.0,0.0,0.0
collateral_quarter,t12_l0,revoke,test,benign_drill,0.0,0.0,0.0,0.0,0.0,0.0
collateral_quarter,t12_l0,revoke,family_shift,patient,6.0,0.0,0.0,0.0,0.0,0.0
collateral_quarter,t12_l0,revoke,family_shift,cycler,13.0,0.0,0.0,0.0,0.0,0.0
collateral_quarter,t12_l0,revoke,family_shift,benign_burst,0.0,1.0,7.0,1.0,7.0,0.0
collateral_quarter,t12_l0,revoke,family_shift,benign_recovery,0.0,0.0,0.0,0.0,0.0,0.0
collateral_quarter,t5_l0,revoke,test,fast,2.0,1.0,0.0,0.0,0.0,0.0
collateral_quarter,t5_l0,revoke,test,switcher,16.0,0.0,0.0,0.0,0.0,0.0
collateral_quarter,t5_l0,revoke,test,slow,2.0,1.0,0.0,0.0,0.0,0.0
collateral_quarter,t5_l0,revoke,test,avoider,2.0,1.0,0.0,0.0,0.0,0.0
collateral_quarter,t5_l0,revoke,test,benign_build,0.0,0.0,0.0,0.0,0.0,0.0
collateral_quarter,t5_l0,revoke,test,benign_admin,0.0,1.0,5.0,1.0,5.0,0.0
collateral_quarter,t5_l0,revoke,test,benign_drill,0.0,1.0,11.0,1.0,11.0,0.0
collateral_quarter,t5_l0,revoke,family_shift,patient,2.0,1.0,0.0,0.0,0.0,0.0
collateral_quarter,t5_l0,revoke,family_shift,cycler,13.0,0.0,0.0,0.0,0.0,0.0
collateral_quarter,t5_l0,revoke,family_shift,benign_burst,0.0,1.0,17.0,1.0,17.0,0.0
collateral_quarter,t5_l0,revoke,family_shift,benign_recovery,0.0,1.0,12.0,1.0,12.0,0.0
collateral_quarter,t8_l1,revoke,test,fast,23.0,0.0,0.0,0.0,0.0,0.0
collateral_quarter,t8_l1,revoke,test,switcher,16.0,0.0,0.0,0.0,0.0,0.0
collateral_quarter,t8_l1,revoke,test,slow,8.0,0.0,0.0,0.0,0.0,0.0
collateral_quarter,t8_l1,revoke,test,avoider,23.0,0.0,0.0,0.0,0.0,0.0
collateral_quarter,t8_l1,revoke,test,benign_build,0.0,0.0,0.0,0.0,0.0,0.0
collateral_quarter,t8_l1,revoke,test,benign_admin,0.0,0.0,0.0,0.0,0.0,0.0
collateral_quarter,t8_l1,revoke,test,benign_drill,0.0,1.0,1.0,1.0,1.0,0.0
collateral_quarter,t8_l1,revoke,family_shift,patient,6.0,0.0,0.0,0.0,0.0,0.0
collateral_quarter,t8_l1,revoke,family_shift,cycler,13.0,0.0,0.0,0.0,0.0,0.0
collateral_quarter,t8_l1,revoke,family_shift,benign_burst,0.0,1.0,11.0,1.0,11.0,0.0
collateral_quarter,t8_l1,revoke,family_shift,benign_recovery,0.0,1.0,6.0,1.0,6.0,0.0
collateral_one,t12_l0,deception,test,fast,2.38,0.675,0.0,0.0,0.0,0.0
collateral_one,t12_l0,deception,test,switcher,2.725,0.54,0.0,0.0,0.0,0.0
collateral_one,t12_l0,deception,test,slow,1.95,0.68,0.0,0.0,0.0,0.0
collateral_one,t12_l0,deception,test,avoider,23.0,0.0,0.0,0.0,0.0,0.0
collateral_one,t12_l0,deception,test,benign_build,0.0,0.0,0.0,0.0,0.0,0.0
collateral_one,t12_l0,deception,test,benign_admin,0.0,0.78,3.705,0.78,3.705,0.0
collateral_one,t12_l0,deception,test,benign_drill,0.0,0.93,12.745,0.93,12.745,0.0
collateral_one,t12_l0,deception,family_shift,patient,1.825,0.69,0.0,0.0,0.0,0.0
collateral_one,t12_l0,deception,family_shift,cycler,2.575,0.505,0.0,0.0,0.0,0.0
collateral_one,t12_l0,deception,family_shift,benign_burst,0.0,1.0,14.83,1.0,14.83,0.0
collateral_one,t12_l0,deception,family_shift,benign_recovery,0.0,0.99,12.515,0.99,12.515,0.0
collateral_one,t20_l0,deception,test,fast,3.025,0.55,0.0,0.0,0.0,0.0
collateral_one,t20_l0,deception,test,switcher,2.995,0.54,0.0,0.0,0.0,0.0
collateral_one,t20_l0,deception,test,slow,2.44,0.555,0.0,0.0,0.0,0.0
collateral_one,t20_l0,deception,test,avoider,23.0,0.0,0.0,0.0,0.0,0.0
collateral_one,t20_l0,deception,test,benign_build,0.0,0.0,0.0,0.0,0.0,0.0
collateral_one,t20_l0,deception,test,benign_admin,0.0,0.15,1.665,0.15,1.665,0.0
collateral_one,t20_l0,deception,test,benign_drill,0.0,0.765,8.09,0.765,8.09,0.0
collateral_one,t20_l0,deception,family_shift,patient,2.095,0.585,0.0,0.0,0.0,0.0
collateral_one,t20_l0,deception,family_shift,cycler,2.795,0.505,0.0,0.0,0.0,0.0
collateral_one,t20_l0,deception,family_shift,benign_burst,0.0,0.95,10.68,0.95,10.68,0.0
collateral_one,t20_l0,deception,family_shift,benign_recovery,0.0,0.905,7.68,0.905,7.68,0.0
collateral_one,t20_l1,deception,test,fast,3.635,0.55,0.0,0.0,0.0,0.0
collateral_one,t20_l1,deception,test,switcher,4.56,0.27,0.0,0.0,0.0,0.0
collateral_one,t20_l1,deception,test,slow,2.44,0.555,0.0,0.0,0.0,0.0
collateral_one,t20_l1,deception,test,avoider,23.0,0.0,0.0,0.0,0.0,0.0
collateral_one,t20_l1,deception,test,benign_build,0.0,0.0,0.0,0.0,0.0,0.0
collateral_one,t20_l1,deception,test,benign_admin,0.0,0.15,1.515,0.15,1.515,0.0
collateral_one,t20_l1,deception,test,benign_drill,0.0,0.765,7.27,0.765,7.27,0.0
collateral_one,t20_l1,deception,family_shift,patient,2.095,0.585,0.0,0.0,0.0,0.0
collateral_one,t20_l1,deception,family_shift,cycler,4.575,0.285,0.0,0.0,0.0,0.0
collateral_one,t20_l1,deception,family_shift,benign_burst,0.0,0.95,9.76,0.95,9.76,0.0
collateral_one,t20_l1,deception,family_shift,benign_recovery,0.0,0.905,6.775,0.905,6.775,0.0
collateral_one,t5_l0,deception,test,fast,0.83,1.0,0.0,0.0,0.0,0.0
collateral_one,t5_l0,deception,test,switcher,2.725,0.54,0.0,0.0,0.0,0.0
collateral_one,t5_l0,deception,test,slow,0.82,1.0,0.0,0.0,0.0,0.0
collateral_one,t5_l0,deception,test,avoider,2.0,1.0,0.0,0.0,0.0,0.0
collateral_one,t5_l0,deception,test,benign_build,0.0,0.0,0.0,0.0,0.0,0.0
collateral_one,t5_l0,deception,test,benign_admin,0.0,1.0,9.295,1.0,9.295,0.0
collateral_one,t5_l0,deception,test,benign_drill,0.0,1.0,15.83,1.0,15.83,0.0
collateral_one,t5_l0,deception,family_shift,patient,0.775,1.0,0.0,0.0,0.0,0.0
collateral_one,t5_l0,deception,family_shift,cycler,2.575,0.505,0.0,0.0,0.0,0.0
collateral_one,t5_l0,deception,family_shift,benign_burst,0.0,1.0,17.83,1.0,17.83,0.0
collateral_one,t5_l0,deception,family_shift,benign_recovery,0.0,1.0,16.105,1.0,16.105,0.0
collateral_one,t8_l1,deception,test,fast,2.505,0.675,0.0,0.0,0.0,0.0
collateral_one,t8_l1,deception,test,switcher,2.725,0.54,0.0,0.0,0.0,0.0
collateral_one,t8_l1,deception,test,slow,1.95,0.68,0.0,0.0,0.0,0.0
collateral_one,t8_l1,deception,test,avoider,23.0,0.0,0.0,0.0,0.0,0.0
collateral_one,t8_l1,deception,test,benign_build,0.0,0.0,0.0,0.0,0.0,0.0
collateral_one,t8_l1,deception,test,benign_admin,0.0,0.78,7.1,0.78,7.1,0.0
collateral_one,t8_l1,deception,test,benign_drill,0.0,1.0,13.415,1.0,13.415,0.0
collateral_one,t8_l1,deception,family_shift,patient,1.72,0.69,0.0,0.0,0.0,0.0
collateral_one,t8_l1,deception,family_shift,cycler,2.575,0.505,0.0,0.0,0.0,0.0
collateral_one,t8_l1,deception,family_shift,benign_burst,0.0,1.0,15.015,1.0,15.015,0.0
collateral_one,t8_l1,deception,family_shift,benign_recovery,0.0,1.0,14.485,1.0,14.485,0.0
collateral_one,t5_l0,deception_silent,test,fast,0.83,1.0,0.0,0.0,0.0,0.0
collateral_one,t5_l0,deception_silent,test,switcher,2.725,0.54,0.0,0.0,0.0,0.0
collateral_one,t5_l0,deception_silent,test,slow,0.82,1.0,0.0,0.0,0.0,0.0
collateral_one,t5_l0,deception_silent,test,avoider,2.0,1.0,0.0,0.0,0.0,0.0
collateral_one,t5_l0,deception_silent,test,benign_build,0.0,0.0,0.0,0.0,0.0,0.0
collateral_one,t5_l0,deception_silent,test,benign_admin,0.0,1.0,6.005,1.0,6.005,0.0
collateral_one,t5_l0,deception_silent,test,benign_drill,0.0,1.0,14.57,1.0,14.57,0.0
collateral_one,t5_l0,deception_silent,family_shift,patient,0.775,1.0,0.0,0.0,0.0,0.0
collateral_one,t5_l0,deception_silent,family_shift,cycler,2.575,0.505,0.0,0.0,0.0,0.0
collateral_one,t5_l0,deception_silent,family_shift,benign_burst,0.0,1.0,17.64,1.0,17.64,0.0
collateral_one,t5_l0,deception_silent,family_shift,benign_recovery,0.0,1.0,13.325,1.0,13.325,0.0
collateral_one,t5_l1,deception_silent,test,fast,2.505,0.675,0.0,0.0,0.0,0.0
collateral_one,t5_l1,deception_silent,test,switcher,2.725,0.54,0.0,0.0,0.0,0.0
collateral_one,t5_l1,deception_silent,test,slow,0.82,1.0,0.0,0.0,0.0,0.0
collateral_one,t5_l1,deception_silent,test,avoider,23.0,0.0,0.0,0.0,0.0,0.0
collateral_one,t5_l1,deception_silent,test,benign_build,0.0,0.0,0.0,0.0,0.0,0.0
collateral_one,t5_l1,deception_silent,test,benign_admin,0.0,1.0,5.005,1.0,5.005,0.0
collateral_one,t5_l1,deception_silent,test,benign_drill,0.0,1.0,11.93,1.0,11.93,0.0
collateral_one,t5_l1,deception_silent,family_shift,patient,0.775,1.0,0.0,0.0,0.0,0.0
collateral_one,t5_l1,deception_silent,family_shift,cycler,2.575,0.505,0.0,0.0,0.0,0.0
collateral_one,t5_l1,deception_silent,family_shift,benign_burst,0.0,1.0,16.64,1.0,16.64,0.0
collateral_one,t5_l1,deception_silent,family_shift,benign_recovery,0.0,1.0,12.325,1.0,12.325,0.0
collateral_one,t8_l0,deception_silent,test,fast,2.505,0.675,0.0,0.0,0.0,0.0
collateral_one,t8_l0,deception_silent,test,switcher,2.995,0.54,0.0,0.0,0.0,0.0
collateral_one,t8_l0,deception_silent,test,slow,2.075,0.68,0.0,0.0,0.0,0.0
collateral_one,t8_l0,deception_silent,test,avoider,23.0,0.0,0.0,0.0,0.0,0.0
collateral_one,t8_l0,deception_silent,test,benign_build,0.0,0.0,0.0,0.0,0.0,0.0
collateral_one,t8_l0,deception_silent,test,benign_admin,0.0,0.0,1.36,0.0,1.36,0.0
collateral_one,t8_l0,deception_silent,test,benign_drill,0.0,1.0,8.56,1.0,8.56,0.0
collateral_one,t8_l0,deception_silent,family_shift,patient,1.825,0.69,0.0,0.0,0.0,0.0
collateral_one,t8_l0,deception_silent,family_shift,cycler,2.795,0.505,0.0,0.0,0.0,0.0
collateral_one,t8_l0,deception_silent,family_shift,benign_burst,0.0,1.0,13.4,1.0,13.4,0.0
collateral_one,t8_l0,deception_silent,family_shift,benign_recovery,0.0,1.0,8.995,1.0,8.995,0.0
collateral_one,t8_l1,deception_silent,test,fast,3.28,0.55,0.0,0.0,0.0,0.0
collateral_one,t8_l1,deception_silent,test,switcher,4.28,0.27,0.0,0.0,0.0,0.0
collateral_one,t8_l1,deception_silent,test,slow,2.075,0.68,0.0,0.0,0.0,0.0
collateral_one,t8_l1,deception_silent,test,avoider,23.0,0.0,0.0,0.0,0.0,0.0
collateral_one,t8_l1,deception_silent,test,benign_build,0.0,0.0,0.0,0.0,0.0,0.0
collateral_one,t8_l1,deception_silent,test,benign_admin,0.0,0.0,1.36,0.0,1.36,0.0
collateral_one,t8_l1,deception_silent,test,benign_drill,0.0,1.0,7.505,1.0,7.505,0.0
collateral_one,t8_l1,deception_silent,family_shift,patient,1.825,0.69,0.0,0.0,0.0,0.0
collateral_one,t8_l1,deception_silent,family_shift,cycler,3.7,0.285,0.0,0.0,0.0,0.0
collateral_one,t8_l1,deception_silent,family_shift,benign_burst,0.0,1.0,12.4,1.0,12.4,0.0
collateral_one,t8_l1,deception_silent,family_shift,benign_recovery,0.0,1.0,7.995,1.0,7.995,0.0
collateral_one,t12_l0,isolate,test,fast,4.0,1.0,19.0,0.0,0.0,19.0
collateral_one,t12_l0,isolate,test,switcher,4.0,1.0,19.0,0.0,0.0,19.0
collateral_one,t12_l0,isolate,test,slow,4.0,1.0,12.0,0.0,0.0,12.0
collateral_one,t12_l0,isolate,test,avoider,4.0,1.0,19.0,0.0,0.0,19.0
collateral_one,t12_l0,isolate,test,benign_build,0.0,0.0,0.0,0.0,0.0,0.0
collateral_one,t12_l0,isolate,test,benign_admin,0.0,0.0,0.0,0.0,0.0,0.0
collateral_one,t12_l0,isolate,test,benign_drill,0.0,0.0,0.0,0.0,0.0,0.0
collateral_one,t12_l0,isolate,family_shift,patient,5.0,1.0,4.0,0.0,0.0,4.0
collateral_one,t12_l0,isolate,family_shift,cycler,4.0,1.0,19.0,0.0,0.0,19.0
collateral_one,t12_l0,isolate,family_shift,benign_burst,0.0,1.0,16.0,1.0,7.0,9.0
collateral_one,t12_l0,isolate,family_shift,benign_recovery,0.0,0.0,0.0,0.0,0.0,0.0
collateral_one,t5_l1,isolate,test,fast,3.0,1.0,20.0,0.0,0.0,20.0
collateral_one,t5_l1,isolate,test,switcher,3.0,1.0,20.0,0.0,0.0,20.0
collateral_one,t5_l1,isolate,test,slow,2.0,1.0,17.0,0.0,0.0,17.0
collateral_one,t5_l1,isolate,test,avoider,3.0,1.0,20.0,0.0,0.0,20.0
collateral_one,t5_l1,isolate,test,benign_build,0.0,0.0,0.0,0.0,0.0,0.0
collateral_one,t5_l1,isolate,test,benign_admin,0.0,1.0,12.0,1.0,4.0,8.0
collateral_one,t5_l1,isolate,test,benign_drill,0.0,1.0,24.0,1.0,10.0,14.0
collateral_one,t5_l1,isolate,family_shift,patient,2.0,1.0,15.0,0.0,0.0,15.0
collateral_one,t5_l1,isolate,family_shift,cycler,3.0,1.0,20.0,0.0,0.0,20.0
collateral_one,t5_l1,isolate,family_shift,benign_burst,0.0,1.0,36.0,1.0,16.0,20.0
collateral_one,t5_l1,isolate,family_shift,benign_recovery,0.0,1.0,25.0,1.0,11.0,14.0
collateral_one,t8_l0,isolate,test,fast,3.0,1.0,20.0,0.0,0.0,20.0
collateral_one,t8_l0,isolate,test,switcher,3.0,1.0,20.0,0.0,0.0,20.0
collateral_one,t8_l0,isolate,test,slow,3.0,1.0,15.0,0.0,0.0,15.0
collateral_one,t8_l0,isolate,test,avoider,3.0,1.0,20.0,0.0,0.0,20.0
collateral_one,t8_l0,isolate,test,benign_build,0.0,0.0,0.0,0.0,0.0,0.0
collateral_one,t8_l0,isolate,test,benign_admin,0.0,0.0,0.0,0.0,0.0,0.0
collateral_one,t8_l0,isolate,test,benign_drill,0.0,1.0,5.0,1.0,2.0,3.0
collateral_one,t8_l0,isolate,family_shift,patient,4.0,1.0,8.0,0.0,0.0,8.0
collateral_one,t8_l0,isolate,family_shift,cycler,3.0,1.0,20.0,0.0,0.0,20.0
collateral_one,t8_l0,isolate,family_shift,benign_burst,0.0,1.0,27.0,1.0,12.0,15.0
collateral_one,t8_l0,isolate,family_shift,benign_recovery,0.0,1.0,16.0,1.0,7.0,9.0
collateral_one,t8_l1,isolate,test,fast,4.0,1.0,19.0,0.0,0.0,19.0
collateral_one,t8_l1,isolate,test,switcher,4.0,1.0,19.0,0.0,0.0,19.0
collateral_one,t8_l1,isolate,test,slow,3.0,1.0,14.0,0.0,0.0,14.0
collateral_one,t8_l1,isolate,test,avoider,4.0,1.0,19.0,0.0,0.0,19.0
collateral_one,t8_l1,isolate,test,benign_build,0.0,0.0,0.0,0.0,0.0,0.0
collateral_one,t8_l1,isolate,test,benign_admin,0.0,0.0,0.0,0.0,0.0,0.0
collateral_one,t8_l1,isolate,test,benign_drill,0.0,1.0,3.0,1.0,1.0,2.0
collateral_one,t8_l1,isolate,family_shift,patient,4.0,1.0,7.0,0.0,0.0,7.0
collateral_one,t8_l1,isolate,family_shift,cycler,4.0,1.0,19.0,0.0,0.0,19.0
collateral_one,t8_l1,isolate,family_shift,benign_burst,0.0,1.0,25.0,1.0,11.0,14.0
collateral_one,t8_l1,isolate,family_shift,benign_recovery,0.0,1.0,14.0,1.0,6.0,8.0
collateral_one,t12_l0,revoke,test,fast,23.0,0.0,0.0,0.0,0.0,0.0
collateral_one,t12_l0,revoke,test,switcher,16.0,0.0,0.0,0.0,0.0,0.0
collateral_one,t12_l0,revoke,test,slow,8.0,0.0,0.0,0.0,0.0,0.0
collateral_one,t12_l0,revoke,test,avoider,23.0,0.0,0.0,0.0,0.0,0.0
collateral_one,t12_l0,revoke,test,benign_build,0.0,0.0,0.0,0.0,0.0,0.0
collateral_one,t12_l0,revoke,test,benign_admin,0.0,0.0,0.0,0.0,0.0,0.0
collateral_one,t12_l0,revoke,test,benign_drill,0.0,0.0,0.0,0.0,0.0,0.0
collateral_one,t12_l0,revoke,family_shift,patient,6.0,0.0,0.0,0.0,0.0,0.0
collateral_one,t12_l0,revoke,family_shift,cycler,13.0,0.0,0.0,0.0,0.0,0.0
collateral_one,t12_l0,revoke,family_shift,benign_burst,0.0,1.0,7.0,1.0,7.0,0.0
collateral_one,t12_l0,revoke,family_shift,benign_recovery,0.0,0.0,0.0,0.0,0.0,0.0
collateral_one,t5_l0,revoke,test,fast,2.0,1.0,0.0,0.0,0.0,0.0
collateral_one,t5_l0,revoke,test,switcher,16.0,0.0,0.0,0.0,0.0,0.0
collateral_one,t5_l0,revoke,test,slow,2.0,1.0,0.0,0.0,0.0,0.0
collateral_one,t5_l0,revoke,test,avoider,2.0,1.0,0.0,0.0,0.0,0.0
collateral_one,t5_l0,revoke,test,benign_build,0.0,0.0,0.0,0.0,0.0,0.0
collateral_one,t5_l0,revoke,test,benign_admin,0.0,1.0,5.0,1.0,5.0,0.0
collateral_one,t5_l0,revoke,test,benign_drill,0.0,1.0,11.0,1.0,11.0,0.0
collateral_one,t5_l0,revoke,family_shift,patient,2.0,1.0,0.0,0.0,0.0,0.0
collateral_one,t5_l0,revoke,family_shift,cycler,13.0,0.0,0.0,0.0,0.0,0.0
collateral_one,t5_l0,revoke,family_shift,benign_burst,0.0,1.0,17.0,1.0,17.0,0.0
collateral_one,t5_l0,revoke,family_shift,benign_recovery,0.0,1.0,12.0,1.0,12.0,0.0
collateral_one,t8_l1,revoke,test,fast,23.0,0.0,0.0,0.0,0.0,0.0
collateral_one,t8_l1,revoke,test,switcher,16.0,0.0,0.0,0.0,0.0,0.0
collateral_one,t8_l1,revoke,test,slow,8.0,0.0,0.0,0.0,0.0,0.0
collateral_one,t8_l1,revoke,test,avoider,23.0,0.0,0.0,0.0,0.0,0.0
collateral_one,t8_l1,revoke,test,benign_build,0.0,0.0,0.0,0.0,0.0,0.0
collateral_one,t8_l1,revoke,test,benign_admin,0.0,0.0,0.0,0.0,0.0,0.0
collateral_one,t8_l1,revoke,test,benign_drill,0.0,1.0,1.0,1.0,1.0,0.0
collateral_one,t8_l1,revoke,family_shift,patient,6.0,0.0,0.0,0.0,0.0,0.0
collateral_one,t8_l1,revoke,family_shift,cycler,13.0,0.0,0.0,0.0,0.0,0.0
collateral_one,t8_l1,revoke,family_shift,benign_burst,0.0,1.0,11.0,1.0,11.0,0.0
collateral_one,t8_l1,revoke,family_shift,benign_recovery,0.0,1.0,6.0,1.0,6.0,0.0
background_empty,t12_l0,deception,test,fast,2.025,0.695,0.0,0.0,0.0,0.0
background_empty,t12_l0,deception,test,switcher,2.35,0.54,0.0,0.0,0.0,0.0
background_empty,t12_l0,deception,test,slow,1.77,0.71,0.0,0.0,0.0,0.0
background_empty,t12_l0,deception,test,avoider,14.25,0.02,0.0,0.0,0.0,0.0
background_empty,t12_l0,deception,test,benign_build,0.0,0.0,0.0,0.0,0.0,0.0
background_empty,t12_l0,deception,test,benign_admin,0.0,0.78,3.705,0.78,3.705,0.0
background_empty,t12_l0,deception,test,benign_drill,0.0,0.93,12.865,0.93,12.865,0.0
background_empty,t12_l0,deception,family_shift,patient,1.785,0.7,0.0,0.0,0.0,0.0
background_empty,t12_l0,deception,family_shift,cycler,2.32,0.505,0.0,0.0,0.0,0.0
background_empty,t12_l0,deception,family_shift,benign_burst,0.0,1.0,14.83,1.0,14.83,0.0
background_empty,t12_l0,deception,family_shift,benign_recovery,0.0,0.99,12.515,0.99,12.515,0.0
background_empty,t20_l0,deception,test,fast,2.565,0.575,0.0,0.0,0.0,0.0
background_empty,t20_l0,deception,test,switcher,2.85,0.54,0.0,0.0,0.0,0.0
background_empty,t20_l0,deception,test,slow,2.205,0.595,0.0,0.0,0.0,0.0
background_empty,t20_l0,deception,test,avoider,15.62,0.0,0.0,0.0,0.0,0.0
background_empty,t20_l0,deception,test,benign_build,0.0,0.0,0.0,0.0,0.0,0.0
background_empty,t20_l0,deception,test,benign_admin,0.0,0.15,1.665,0.15,1.665,0.0
background_empty,t20_l0,deception,test,benign_drill,0.0,0.79,8.225,0.79,8.225,0.0
background_empty,t20_l0,deception,family_shift,patient,2.095,0.595,0.0,0.0,0.0,0.0
background_empty,t20_l0,deception,family_shift,cycler,2.705,0.505,0.0,0.0,0.0,0.0
background_empty,t20_l0,deception,family_shift,benign_burst,0.0,0.95,10.68,0.95,10.68,0.0
background_empty,t20_l0,deception,family_shift,benign_recovery,0.0,0.905,7.68,0.905,7.68,0.0
background_empty,t20_l1,deception,test,fast,3.305,0.57,0.0,0.0,0.0,0.0
background_empty,t20_l1,deception,test,switcher,4.5,0.27,0.0,0.0,0.0,0.0
background_empty,t20_l1,deception,test,slow,2.205,0.595,0.0,0.0,0.0,0.0
background_empty,t20_l1,deception,test,avoider,15.975,0.0,0.0,0.0,0.0,0.0
background_empty,t20_l1,deception,test,benign_build,0.0,0.0,0.0,0.0,0.0,0.0
background_empty,t20_l1,deception,test,benign_admin,0.0,0.15,1.515,0.15,1.515,0.0
background_empty,t20_l1,deception,test,benign_drill,0.0,0.79,7.395,0.79,7.395,0.0
background_empty,t20_l1,deception,family_shift,patient,2.095,0.595,0.0,0.0,0.0,0.0
background_empty,t20_l1,deception,family_shift,cycler,4.395,0.285,0.0,0.0,0.0,0.0
background_empty,t20_l1,deception,family_shift,benign_burst,0.0,0.95,9.76,0.95,9.76,0.0
background_empty,t20_l1,deception,family_shift,benign_recovery,0.0,0.905,6.775,0.905,6.775,0.0
background_empty,t5_l0,deception,test,fast,0.83,1.0,0.0,0.0,0.0,0.0
background_empty,t5_l0,deception,test,switcher,2.35,0.54,0.0,0.0,0.0,0.0
background_empty,t5_l0,deception,test,slow,0.82,1.0,0.0,0.0,0.0,0.0
background_empty,t5_l0,deception,test,avoider,2.0,1.0,0.0,0.0,0.0,0.0
background_empty,t5_l0,deception,test,benign_build,0.0,0.0,0.0,0.0,0.0,0.0
background_empty,t5_l0,deception,test,benign_admin,0.0,1.0,9.295,1.0,9.295,0.0
background_empty,t5_l0,deception,test,benign_drill,0.0,1.0,15.85,1.0,15.85,0.0
background_empty,t5_l0,deception,family_shift,patient,0.775,1.0,0.0,0.0,0.0,0.0
background_empty,t5_l0,deception,family_shift,cycler,2.32,0.505,0.0,0.0,0.0,0.0
background_empty,t5_l0,deception,family_shift,benign_burst,0.0,1.0,17.83,1.0,17.83,0.0
background_empty,t5_l0,deception,family_shift,benign_recovery,0.0,1.0,16.105,1.0,16.105,0.0
background_empty,t8_l1,deception,test,fast,2.155,0.695,0.0,0.0,0.0,0.0
background_empty,t8_l1,deception,test,switcher,2.35,0.54,0.0,0.0,0.0,0.0
background_empty,t8_l1,deception,test,slow,1.755,0.725,0.0,0.0,0.0,0.0
background_empty,t8_l1,deception,test,avoider,14.23,0.02,0.0,0.0,0.0,0.0
background_empty,t8_l1,deception,test,benign_build,0.0,0.0,0.0,0.0,0.0,0.0
background_empty,t8_l1,deception,test,benign_admin,0.0,0.78,7.1,0.78,7.1,0.0
background_empty,t8_l1,deception,test,benign_drill,0.0,1.0,13.46,1.0,13.46,0.0
background_empty,t8_l1,deception,family_shift,patient,1.645,0.715,0.0,0.0,0.0,0.0
background_empty,t8_l1,deception,family_shift,cycler,2.32,0.505,0.0,0.0,0.0,0.0
background_empty,t8_l1,deception,family_shift,benign_burst,0.0,1.0,15.015,1.0,15.015,0.0
background_empty,t8_l1,deception,family_shift,benign_recovery,0.0,1.0,14.485,1.0,14.485,0.0
background_empty,t12_l0,deception_silent,test,fast,2.94,0.575,0.0,0.0,0.0,0.0
background_empty,t12_l0,deception_silent,test,switcher,3.81,0.27,0.0,0.0,0.0,0.0
background_empty,t12_l0,deception_silent,test,slow,2.62,0.595,0.0,0.0,0.0,0.0
background_empty,t12_l0,deception_silent,test,avoider,14.25,0.02,0.0,0.0,0.0,0.0
background_empty,t12_l0,deception_silent,test,benign_build,0.0,0.0,0.0,0.0,0.0,0.0
background_empty,t12_l0,deception_silent,test,benign_admin,0.0,0.0,1.36,0.0,1.36,0.0
background_empty,t12_l0,deception_silent,test,benign_drill,0.0,0.355,3.685,0.355,3.685,0.0
background_empty,t12_l0,deception_silent,family_shift,patient,2.5,0.62,0.0,0.0,0.0,0.0
background_empty,t12_l0,deception_silent,family_shift,cycler,3.35,0.285,0.0,0.0,0.0,0.0
background_empty,t12_l0,deception_silent,family_shift,benign_burst,0.0,1.0,9.085,1.0,9.085,0.0
background_empty,t12_l0,deception_silent,family_shift,benign_recovery,0.0,0.0,2.64,0.0,2.64,0.0
background_empty,t5_l0,deception_silent,test,fast,0.83,1.0,0.0,0.0,0.0,0.0
background_empty,t5_l0,deception_silent,test,switcher,2.35,0.54,0.0,0.0,0.0,0.0
background_empty,t5_l0,deception_silent,test,slow,0.82,1.0,0.0,0.0,0.0,0.0
background_empty,t5_l0,deception_silent,test,avoider,2.0,1.0,0.0,0.0,0.0,0.0
background_empty,t5_l0,deception_silent,test,benign_build,0.0,0.0,0.0,0.0,0.0,0.0
background_empty,t5_l0,deception_silent,test,benign_admin,0.0,1.0,6.005,1.0,6.005,0.0
background_empty,t5_l0,deception_silent,test,benign_drill,0.0,1.0,14.65,1.0,14.65,0.0
background_empty,t5_l0,deception_silent,family_shift,patient,0.775,1.0,0.0,0.0,0.0,0.0
background_empty,t5_l0,deception_silent,family_shift,cycler,2.32,0.505,0.0,0.0,0.0,0.0
background_empty,t5_l0,deception_silent,family_shift,benign_burst,0.0,1.0,17.64,1.0,17.64,0.0
background_empty,t5_l0,deception_silent,family_shift,benign_recovery,0.0,1.0,13.325,1.0,13.325,0.0
background_empty,t5_l1,deception_silent,test,fast,2.06,0.72,0.0,0.0,0.0,0.0
background_empty,t5_l1,deception_silent,test,switcher,2.35,0.54,0.0,0.0,0.0,0.0
background_empty,t5_l1,deception_silent,test,slow,0.82,1.0,0.0,0.0,0.0,0.0
background_empty,t5_l1,deception_silent,test,avoider,13.035,0.165,0.0,0.0,0.0,0.0
background_empty,t5_l1,deception_silent,test,benign_build,0.0,0.0,0.0,0.0,0.0,0.0
background_empty,t5_l1,deception_silent,test,benign_admin,0.0,1.0,5.005,1.0,5.005,0.0
background_empty,t5_l1,deception_silent,test,benign_drill,0.0,1.0,11.95,1.0,11.95,0.0
background_empty,t5_l1,deception_silent,family_shift,patient,0.775,1.0,0.0,0.0,0.0,0.0
background_empty,t5_l1,deception_silent,family_shift,cycler,2.32,0.505,0.0,0.0,0.0,0.0
background_empty,t5_l1,deception_silent,family_shift,benign_burst,0.0,1.0,16.64,1.0,16.64,0.0
background_empty,t5_l1,deception_silent,family_shift,benign_recovery,0.0,1.0,12.325,1.0,12.325,0.0
background_empty,t8_l0,deception_silent,test,fast,2.06,0.72,0.0,0.0,0.0,0.0
background_empty,t8_l0,deception_silent,test,switcher,2.62,0.54,0.0,0.0,0.0,0.0
background_empty,t8_l0,deception_silent,test,slow,1.88,0.725,0.0,0.0,0.0,0.0
background_empty,t8_l0,deception_silent,test,avoider,13.035,0.165,0.0,0.0,0.0,0.0
background_empty,t8_l0,deception_silent,test,benign_build,0.0,0.0,0.0,0.0,0.0,0.0
background_empty,t8_l0,deception_silent,test,benign_admin,0.0,0.0,1.36,0.0,1.36,0.0
background_empty,t8_l0,deception_silent,test,benign_drill,0.0,1.0,8.835,1.0,8.835,0.0
background_empty,t8_l0,deception_silent,family_shift,patient,1.75,0.715,0.0,0.0,0.0,0.0
background_empty,t8_l0,deception_silent,family_shift,cycler,2.54,0.505,0.0,0.0,0.0,0.0
background_empty,t8_l0,deception_silent,family_shift,benign_burst,0.0,1.0,13.4,1.0,13.4,0.0
background_empty,t8_l0,deception_silent,family_shift,benign_recovery,0.0,1.0,8.995,1.0,8.995,0.0
background_empty,t8_l1,deception_silent,test,fast,2.755,0.575,0.0,0.0,0.0,0.0
background_empty,t8_l1,deception_silent,test,switcher,3.81,0.27,0.0,0.0,0.0,0.0
background_empty,t8_l1,deception_silent,test,slow,1.88,0.725,0.0,0.0,0.0,0.0
background_empty,t8_l1,deception_silent,test,avoider,14.23,0.02,0.0,0.0,0.0,0.0
background_empty,t8_l1,deception_silent,test,benign_build,0.0,0.0,0.0,0.0,0.0,0.0
background_empty,t8_l1,deception_silent,test,benign_admin,0.0,0.0,1.36,0.0,1.36,0.0
background_empty,t8_l1,deception_silent,test,benign_drill,0.0,1.0,7.745,1.0,7.745,0.0
background_empty,t8_l1,deception_silent,family_shift,patient,1.75,0.715,0.0,0.0,0.0,0.0
background_empty,t8_l1,deception_silent,family_shift,cycler,3.35,0.285,0.0,0.0,0.0,0.0
background_empty,t8_l1,deception_silent,family_shift,benign_burst,0.0,1.0,12.4,1.0,12.4,0.0
background_empty,t8_l1,deception_silent,family_shift,benign_recovery,0.0,1.0,7.995,1.0,7.995,0.0
background_empty,t12_l0,isolate,test,fast,4.04,1.0,0.0,0.0,0.0,0.0
background_empty,t12_l0,isolate,test,switcher,4.0,1.0,0.0,0.0,0.0,0.0
background_empty,t12_l0,isolate,test,slow,4.015,1.0,0.0,0.0,0.0,0.0
background_empty,t12_l0,isolate,test,avoider,4.02,1.0,0.0,0.0,0.0,0.0
background_empty,t12_l0,isolate,test,benign_build,0.0,0.0,0.0,0.0,0.0,0.0
background_empty,t12_l0,isolate,test,benign_admin,0.0,0.0,0.0,0.0,0.0,0.0
background_empty,t12_l0,isolate,test,benign_drill,0.0,0.0,0.0,0.0,0.0,0.0
background_empty,t12_l0,isolate,family_shift,patient,5.0,1.0,0.0,0.0,0.0,0.0
background_empty,t12_l0,isolate,family_shift,cycler,4.0,1.0,0.0,0.0,0.0,0.0
background_empty,t12_l0,isolate,family_shift,benign_burst,0.0,1.0,7.0,1.0,7.0,0.0
background_empty,t12_l0,isolate,family_shift,benign_recovery,0.0,0.0,0.0,0.0,0.0,0.0
background_empty,t5_l0,isolate,test,fast,2.0,1.0,0.0,0.0,0.0,0.0
background_empty,t5_l0,isolate,test,switcher,2.0,1.0,0.0,0.0,0.0,0.0
background_empty,t5_l0,isolate,test,slow,2.0,1.0,0.0,0.0,0.0,0.0
background_empty,t5_l0,isolate,test,avoider,2.0,1.0,0.0,0.0,0.0,0.0
background_empty,t5_l0,isolate,test,benign_build,0.0,0.0,0.0,0.0,0.0,0.0
background_empty,t5_l0,isolate,test,benign_admin,0.0,1.0,5.0,1.0,5.0,0.0
background_empty,t5_l0,isolate,test,benign_drill,0.0,1.0,11.1,1.0,11.1,0.0
background_empty,t5_l0,isolate,family_shift,patient,2.0,1.0,0.0,0.0,0.0,0.0
background_empty,t5_l0,isolate,family_shift,cycler,2.0,1.0,0.0,0.0,0.0,0.0
background_empty,t5_l0,isolate,family_shift,benign_burst,0.0,1.0,17.0,1.0,17.0,0.0
background_empty,t5_l0,isolate,family_shift,benign_recovery,0.0,1.0,12.0,1.0,12.0,0.0
background_empty,t8_l0,isolate,test,fast,3.0,1.0,0.0,0.0,0.0,0.0
background_empty,t8_l0,isolate,test,switcher,3.0,1.0,0.0,0.0,0.0,0.0
background_empty,t8_l0,isolate,test,slow,3.0,1.0,0.0,0.0,0.0,0.0
background_empty,t8_l0,isolate,test,avoider,3.0,1.0,0.0,0.0,0.0,0.0
background_empty,t8_l0,isolate,test,benign_build,0.0,0.0,0.0,0.0,0.0,0.0
background_empty,t8_l0,isolate,test,benign_admin,0.0,0.0,0.0,0.0,0.0,0.0
background_empty,t8_l0,isolate,test,benign_drill,0.0,1.0,2.435,1.0,2.435,0.0
background_empty,t8_l0,isolate,family_shift,patient,3.87,1.0,0.0,0.0,0.0,0.0
background_empty,t8_l0,isolate,family_shift,cycler,3.0,1.0,0.0,0.0,0.0,0.0
background_empty,t8_l0,isolate,family_shift,benign_burst,0.0,1.0,12.0,1.0,12.0,0.0
background_empty,t8_l0,isolate,family_shift,benign_recovery,0.0,1.0,7.0,1.0,7.0,0.0
background_empty,t8_l1,isolate,test,fast,4.0,1.0,0.0,0.0,0.0,0.0
background_empty,t8_l1,isolate,test,switcher,4.0,1.0,0.0,0.0,0.0,0.0
background_empty,t8_l1,isolate,test,slow,3.0,1.0,0.0,0.0,0.0,0.0
background_empty,t8_l1,isolate,test,avoider,4.0,1.0,0.0,0.0,0.0,0.0
background_empty,t8_l1,isolate,test,benign_build,0.0,0.0,0.0,0.0,0.0,0.0
background_empty,t8_l1,isolate,test,benign_admin,0.0,0.0,0.0,0.0,0.0,0.0
background_empty,t8_l1,isolate,test,benign_drill,0.0,1.0,1.38,1.0,1.38,0.0
background_empty,t8_l1,isolate,family_shift,patient,3.87,1.0,0.0,0.0,0.0,0.0
background_empty,t8_l1,isolate,family_shift,cycler,4.0,1.0,0.0,0.0,0.0,0.0
background_empty,t8_l1,isolate,family_shift,benign_burst,0.0,1.0,11.0,1.0,11.0,0.0
background_empty,t8_l1,isolate,family_shift,benign_recovery,0.0,1.0,6.0,1.0,6.0,0.0
background_empty,t12_l0,revoke,test,fast,13.795,0.04,0.0,0.0,0.0,0.0
background_empty,t12_l0,revoke,test,switcher,12.495,0.0,0.0,0.0,0.0,0.0
background_empty,t12_l0,revoke,test,slow,7.725,0.015,0.0,0.0,0.0,0.0
background_empty,t12_l0,revoke,test,avoider,14.25,0.02,0.0,0.0,0.0,0.0
background_empty,t12_l0,revoke,test,benign_build,0.0,0.0,0.0,0.0,0.0,0.0
background_empty,t12_l0,revoke,test,benign_admin,0.0,0.0,0.0,0.0,0.0,0.0
background_empty,t12_l0,revoke,test,benign_drill,0.0,0.0,0.0,0.0,0.0,0.0
background_empty,t12_l0,revoke,family_shift,patient,5.935,0.02,0.0,0.0,0.0,0.0
background_empty,t12_l0,revoke,family_shift,cycler,11.255,0.0,0.0,0.0,0.0,0.0
background_empty,t12_l0,revoke,family_shift,benign_burst,0.0,1.0,7.0,1.0,7.0,0.0
background_empty,t12_l0,revoke,family_shift,benign_recovery,0.0,0.0,0.0,0.0,0.0,0.0
background_empty,t5_l0,revoke,test,fast,2.0,1.0,0.0,0.0,0.0,0.0
background_empty,t5_l0,revoke,test,switcher,12.495,0.0,0.0,0.0,0.0,0.0
background_empty,t5_l0,revoke,test,slow,2.0,1.0,0.0,0.0,0.0,0.0
background_empty,t5_l0,revoke,test,avoider,2.0,1.0,0.0,0.0,0.0,0.0
background_empty,t5_l0,revoke,test,benign_build,0.0,0.0,0.0,0.0,0.0,0.0
background_empty,t5_l0,revoke,test,benign_admin,0.0,1.0,5.0,1.0,5.0,0.0
background_empty,t5_l0,revoke,test,benign_drill,0.0,1.0,11.1,1.0,11.1,0.0
background_empty,t5_l0,revoke,family_shift,patient,2.0,1.0,0.0,0.0,0.0,0.0
background_empty,t5_l0,revoke,family_shift,cycler,11.255,0.0,0.0,0.0,0.0,0.0
background_empty,t5_l0,revoke,family_shift,benign_burst,0.0,1.0,17.0,1.0,17.0,0.0
background_empty,t5_l0,revoke,family_shift,benign_recovery,0.0,1.0,12.0,1.0,12.0,0.0
background_empty,t8_l0,revoke,test,fast,12.74,0.17,0.0,0.0,0.0,0.0
background_empty,t8_l0,revoke,test,switcher,12.495,0.0,0.0,0.0,0.0,0.0
background_empty,t8_l0,revoke,test,slow,7.09,0.16,0.0,0.0,0.0,0.0
background_empty,t8_l0,revoke,test,avoider,13.035,0.165,0.0,0.0,0.0,0.0
background_empty,t8_l0,revoke,test,benign_build,0.0,0.0,0.0,0.0,0.0,0.0
background_empty,t8_l0,revoke,test,benign_admin,0.0,0.0,0.0,0.0,0.0,0.0
background_empty,t8_l0,revoke,test,benign_drill,0.0,1.0,2.435,1.0,2.435,0.0
background_empty,t8_l0,revoke,family_shift,patient,5.57,0.13,0.0,0.0,0.0,0.0
background_empty,t8_l0,revoke,family_shift,cycler,11.255,0.0,0.0,0.0,0.0,0.0
background_empty,t8_l0,revoke,family_shift,benign_burst,0.0,1.0,12.0,1.0,12.0,0.0
background_empty,t8_l0,revoke,family_shift,benign_recovery,0.0,1.0,7.0,1.0,7.0,0.0
background_empty,t8_l1,revoke,test,fast,13.755,0.04,0.0,0.0,0.0,0.0
background_empty,t8_l1,revoke,test,switcher,12.495,0.0,0.0,0.0,0.0,0.0
background_empty,t8_l1,revoke,test,slow,7.09,0.16,0.0,0.0,0.0,0.0
background_empty,t8_l1,revoke,test,avoider,14.23,0.02,0.0,0.0,0.0,0.0
background_empty,t8_l1,revoke,test,benign_build,0.0,0.0,0.0,0.0,0.0,0.0
background_empty,t8_l1,revoke,test,benign_admin,0.0,0.0,0.0,0.0,0.0,0.0
background_empty,t8_l1,revoke,test,benign_drill,0.0,1.0,1.38,1.0,1.38,0.0
background_empty,t8_l1,revoke,family_shift,patient,5.57,0.13,0.0,0.0,0.0,0.0
background_empty,t8_l1,revoke,family_shift,cycler,11.255,0.0,0.0,0.0,0.0,0.0
background_empty,t8_l1,revoke,family_shift,benign_burst,0.0,1.0,11.0,1.0,11.0,0.0
background_empty,t8_l1,revoke,family_shift,benign_recovery,0.0,1.0,6.0,1.0,6.0,0.0
recognition_half,t12_l0,deception,test,fast,3.175,0.675,0.0,0.0,0.0,0.0
recognition_half,t12_l0,deception,test,switcher,3.825,0.54,0.0,0.0,0.0,0.0
recognition_half,t12_l0,deception,test,slow,2.1,0.68,0.0,0.0,0.0,0.0
recognition_half,t12_l0,deception,test,avoider,23.0,0.0,0.0,0.0,0.0,0.0
recognition_half,t12_l0,deception,test,benign_build,0.0,0.0,0.0,0.0,0.0,0.0
recognition_half,t12_l0,deception,test,benign_admin,0.0,0.78,3.705,0.78,3.705,0.0
recognition_half,t12_l0,deception,test,benign_drill,0.0,0.93,11.56,0.93,11.56,0.0
recognition_half,t12_l0,deception,family_shift,patient,1.835,0.69,0.0,0.0,0.0,0.0
recognition_half,t12_l0,deception,family_shift,cycler,3.595,0.505,0.0,0.0,0.0,0.0
recognition_half,t12_l0,deception,family_shift,benign_burst,0.0,1.0,14.83,1.0,14.83,0.0
recognition_half,t12_l0,deception,family_shift,benign_recovery,0.0,0.99,12.515,0.99,12.515,0.0
recognition_half,t20_l0,deception,test,fast,4.03,0.55,0.0,0.0,0.0,0.0
recognition_half,t20_l0,deception,test,switcher,3.895,0.54,0.0,0.0,0.0,0.0
recognition_half,t20_l0,deception,test,slow,2.69,0.555,0.0,0.0,0.0,0.0
recognition_half,t20_l0,deception,test,avoider,23.0,0.0,0.0,0.0,0.0,0.0
recognition_half,t20_l0,deception,test,benign_build,0.0,0.0,0.0,0.0,0.0,0.0
recognition_half,t20_l0,deception,test,benign_admin,0.0,0.15,1.665,0.15,1.665,0.0
recognition_half,t20_l0,deception,test,benign_drill,0.0,0.765,7.99,0.765,7.99,0.0
recognition_half,t20_l0,deception,family_shift,patient,2.11,0.585,0.0,0.0,0.0,0.0
recognition_half,t20_l0,deception,family_shift,cycler,3.63,0.505,0.0,0.0,0.0,0.0
recognition_half,t20_l0,deception,family_shift,benign_burst,0.0,0.95,10.68,0.95,10.68,0.0
recognition_half,t20_l0,deception,family_shift,benign_recovery,0.0,0.905,7.68,0.905,7.68,0.0
recognition_half,t20_l1,deception,test,fast,4.325,0.55,0.0,0.0,0.0,0.0
recognition_half,t20_l1,deception,test,switcher,4.545,0.47,0.0,0.0,0.0,0.0
recognition_half,t20_l1,deception,test,slow,2.69,0.555,0.0,0.0,0.0,0.0
recognition_half,t20_l1,deception,test,avoider,23.0,0.0,0.0,0.0,0.0,0.0
recognition_half,t20_l1,deception,test,benign_build,0.0,0.0,0.0,0.0,0.0,0.0
recognition_half,t20_l1,deception,test,benign_admin,0.0,0.15,1.515,0.15,1.515,0.0
recognition_half,t20_l1,deception,test,benign_drill,0.0,0.765,6.785,0.765,6.785,0.0
recognition_half,t20_l1,deception,family_shift,patient,2.11,0.585,0.0,0.0,0.0,0.0
recognition_half,t20_l1,deception,family_shift,cycler,4.08,0.47,0.0,0.0,0.0,0.0
recognition_half,t20_l1,deception,family_shift,benign_burst,0.0,0.95,9.76,0.95,9.76,0.0
recognition_half,t20_l1,deception,family_shift,benign_recovery,0.0,0.905,6.775,0.905,6.775,0.0
recognition_half,t5_l0,deception,test,fast,0.83,1.0,0.0,0.0,0.0,0.0
recognition_half,t5_l0,deception,test,switcher,3.825,0.54,0.0,0.0,0.0,0.0
recognition_half,t5_l0,deception,test,slow,0.82,1.0,0.0,0.0,0.0,0.0
recognition_half,t5_l0,deception,test,avoider,2.0,1.0,0.0,0.0,0.0,0.0
recognition_half,t5_l0,deception,test,benign_build,0.0,0.0,0.0,0.0,0.0,0.0
recognition_half,t5_l0,deception,test,benign_admin,0.0,1.0,9.295,1.0,9.295,0.0
recognition_half,t5_l0,deception,test,benign_drill,0.0,1.0,14.975,1.0,14.975,0.0
recognition_half,t5_l0,deception,family_shift,patient,0.775,1.0,0.0,0.0,0.0,0.0
recognition_half,t5_l0,deception,family_shift,cycler,3.595,0.505,0.0,0.0,0.0,0.0
recognition_half,t5_l0,deception,family_shift,benign_burst,0.0,1.0,17.83,1.0,17.83,0.0
recognition_half,t5_l0,deception,family_shift,benign_recovery,0.0,1.0,16.105,1.0,16.105,0.0
recognition_half,t8_l1,deception,test,fast,3.3,0.675,0.0,0.0,0.0,0.0
recognition_half,t8_l1,deception,test,switcher,3.825,0.54,0.0,0.0,0.0,0.0
recognition_half,t8_l1,deception,test,slow,2.1,0.68,0.0,0.0,0.0,0.0
recognition_half,t8_l1,deception,test,avoider,23.0,0.0,0.0,0.0,0.0,0.0
recognition_half,t8_l1,deception,test,benign_build,0.0,0.0,0.0,0.0,0.0,0.0
recognition_half,t8_l1,deception,test,benign_admin,0.0,0.78,7.1,0.78,7.1,0.0
recognition_half,t8_l1,deception,test,benign_drill,0.0,1.0,12.56,1.0,12.56,0.0
recognition_half,t8_l1,deception,family_shift,patient,1.73,0.69,0.0,0.0,0.0,0.0
recognition_half,t8_l1,deception,family_shift,cycler,3.595,0.505,0.0,0.0,0.0,0.0
recognition_half,t8_l1,deception,family_shift,benign_burst,0.0,1.0,15.015,1.0,15.015,0.0
recognition_half,t8_l1,deception,family_shift,benign_recovery,0.0,1.0,14.485,1.0,14.485,0.0
recognition_half,t5_l0,deception_silent,test,fast,0.83,1.0,0.0,0.0,0.0,0.0
recognition_half,t5_l0,deception_silent,test,switcher,3.825,0.54,0.0,0.0,0.0,0.0
recognition_half,t5_l0,deception_silent,test,slow,0.82,1.0,0.0,0.0,0.0,0.0
recognition_half,t5_l0,deception_silent,test,avoider,2.0,1.0,0.0,0.0,0.0,0.0
recognition_half,t5_l0,deception_silent,test,benign_build,0.0,0.0,0.0,0.0,0.0,0.0
recognition_half,t5_l0,deception_silent,test,benign_admin,0.0,1.0,6.005,1.0,6.005,0.0
recognition_half,t5_l0,deception_silent,test,benign_drill,0.0,1.0,13.595,1.0,13.595,0.0
recognition_half,t5_l0,deception_silent,family_shift,patient,0.775,1.0,0.0,0.0,0.0,0.0
recognition_half,t5_l0,deception_silent,family_shift,cycler,3.595,0.505,0.0,0.0,0.0,0.0
recognition_half,t5_l0,deception_silent,family_shift,benign_burst,0.0,1.0,17.64,1.0,17.64,0.0
recognition_half,t5_l0,deception_silent,family_shift,benign_recovery,0.0,1.0,13.325,1.0,13.325,0.0
recognition_half,t5_l1,deception_silent,test,fast,3.3,0.675,0.0,0.0,0.0,0.0
recognition_half,t5_l1,deception_silent,test,switcher,3.825,0.54,0.0,0.0,0.0,0.0
recognition_half,t5_l1,deception_silent,test,slow,0.82,1.0,0.0,0.0,0.0,0.0
recognition_half,t5_l1,deception_silent,test,avoider,23.0,0.0,0.0,0.0,0.0,0.0
recognition_half,t5_l1,deception_silent,test,benign_build,0.0,0.0,0.0,0.0,0.0,0.0
recognition_half,t5_l1,deception_silent,test,benign_admin,0.0,1.0,5.005,1.0,5.005,0.0
recognition_half,t5_l1,deception_silent,test,benign_drill,0.0,1.0,12.06,1.0,12.06,0.0
recognition_half,t5_l1,deception_silent,family_shift,patient,0.775,1.0,0.0,0.0,0.0,0.0
recognition_half,t5_l1,deception_silent,family_shift,cycler,3.595,0.505,0.0,0.0,0.0,0.0
recognition_half,t5_l1,deception_silent,family_shift,benign_burst,0.0,1.0,16.64,1.0,16.64,0.0
recognition_half,t5_l1,deception_silent,family_shift,benign_recovery,0.0,1.0,12.325,1.0,12.325,0.0
recognition_half,t8_l0,deception_silent,test,fast,3.3,0.675,0.0,0.0,0.0,0.0
recognition_half,t8_l0,deception_silent,test,switcher,3.895,0.54,0.0,0.0,0.0,0.0
recognition_half,t8_l0,deception_silent,test,slow,2.225,0.68,0.0,0.0,0.0,0.0
recognition_half,t8_l0,deception_silent,test,avoider,23.0,0.0,0.0,0.0,0.0,0.0
recognition_half,t8_l0,deception_silent,test,benign_build,0.0,0.0,0.0,0.0,0.0,0.0
recognition_half,t8_l0,deception_silent,test,benign_admin,0.0,0.0,1.36,0.0,1.36,0.0
recognition_half,t8_l0,deception_silent,test,benign_drill,0.0,1.0,6.535,1.0,6.535,0.0
recognition_half,t8_l0,deception_silent,family_shift,patient,1.835,0.69,0.0,0.0,0.0,0.0
recognition_half,t8_l0,deception_silent,family_shift,cycler,3.63,0.505,0.0,0.0,0.0,0.0
recognition_half,t8_l0,deception_silent,family_shift,benign_burst,0.0,1.0,13.4,1.0,13.4,0.0
recognition_half,t8_l0,deception_silent,family_shift,benign_recovery,0.0,1.0,8.995,1.0,8.995,0.0
recognition_half,t8_l1,deception_silent,test,fast,4.155,0.55,0.0,0.0,0.0,0.0
recognition_half,t8_l1,deception_silent,test,switcher,4.48,0.47,0.0,0.0,0.0,0.0
recognition_half,t8_l1,deception_silent,test,slow,2.225,0.68,0.0,0.0,0.0,0.0
recognition_half,t8_l1,deception_silent,test,avoider,23.0,0.0,0.0,0.0,0.0,0.0
recognition_half,t8_l1,deception_silent,test,benign_build,0.0,0.0,0.0,0.0,0.0,0.0
recognition_half,t8_l1,deception_silent,test,benign_admin,0.0,0.0,1.36,0.0,1.36,0.0
recognition_half,t8_l1,deception_silent,test,benign_drill,0.0,1.0,5.425,1.0,5.425,0.0
recognition_half,t8_l1,deception_silent,family_shift,patient,1.835,0.69,0.0,0.0,0.0,0.0
recognition_half,t8_l1,deception_silent,family_shift,cycler,3.9,0.47,0.0,0.0,0.0,0.0
recognition_half,t8_l1,deception_silent,family_shift,benign_burst,0.0,1.0,12.4,1.0,12.4,0.0
recognition_half,t8_l1,deception_silent,family_shift,benign_recovery,0.0,1.0,7.995,1.0,7.995,0.0
recognition_half,t12_l0,isolate,test,fast,4.0,1.0,0.0,0.0,0.0,0.0
recognition_half,t12_l0,isolate,test,switcher,4.0,1.0,0.0,0.0,0.0,0.0
recognition_half,t12_l0,isolate,test,slow,4.0,1.0,0.0,0.0,0.0,0.0
recognition_half,t12_l0,isolate,test,avoider,4.0,1.0,0.0,0.0,0.0,0.0
recognition_half,t12_l0,isolate,test,benign_build,0.0,0.0,0.0,0.0,0.0,0.0
recognition_half,t12_l0,isolate,test,benign_admin,0.0,0.0,0.0,0.0,0.0,0.0
recognition_half,t12_l0,isolate,test,benign_drill,0.0,0.0,0.0,0.0,0.0,0.0
recognition_half,t12_l0,isolate,family_shift,patient,5.0,1.0,0.0,0.0,0.0,0.0
recognition_half,t12_l0,isolate,family_shift,cycler,4.0,1.0,0.0,0.0,0.0,0.0
recognition_half,t12_l0,isolate,family_shift,benign_burst,0.0,1.0,7.0,1.0,7.0,0.0
recognition_half,t12_l0,isolate,family_shift,benign_recovery,0.0,0.0,0.0,0.0,0.0,0.0
recognition_half,t5_l0,isolate,test,fast,2.0,1.0,0.0,0.0,0.0,0.0
recognition_half,t5_l0,isolate,test,switcher,2.0,1.0,0.0,0.0,0.0,0.0
recognition_half,t5_l0,isolate,test,slow,2.0,1.0,0.0,0.0,0.0,0.0
recognition_half,t5_l0,isolate,test,avoider,2.0,1.0,0.0,0.0,0.0,0.0
recognition_half,t5_l0,isolate,test,benign_build,0.0,0.0,0.0,0.0,0.0,0.0
recognition_half,t5_l0,isolate,test,benign_admin,0.0,1.0,5.0,1.0,5.0,0.0
recognition_half,t5_l0,isolate,test,benign_drill,0.0,1.0,11.0,1.0,11.0,0.0
recognition_half,t5_l0,isolate,family_shift,patient,2.0,1.0,0.0,0.0,0.0,0.0
recognition_half,t5_l0,isolate,family_shift,cycler,2.0,1.0,0.0,0.0,0.0,0.0
recognition_half,t5_l0,isolate,family_shift,benign_burst,0.0,1.0,17.0,1.0,17.0,0.0
recognition_half,t5_l0,isolate,family_shift,benign_recovery,0.0,1.0,12.0,1.0,12.0,0.0
recognition_half,t8_l0,isolate,test,fast,3.0,1.0,0.0,0.0,0.0,0.0
recognition_half,t8_l0,isolate,test,switcher,3.0,1.0,0.0,0.0,0.0,0.0
recognition_half,t8_l0,isolate,test,slow,3.0,1.0,0.0,0.0,0.0,0.0
recognition_half,t8_l0,isolate,test,avoider,3.0,1.0,0.0,0.0,0.0,0.0
recognition_half,t8_l0,isolate,test,benign_build,0.0,0.0,0.0,0.0,0.0,0.0
recognition_half,t8_l0,isolate,test,benign_admin,0.0,0.0,0.0,0.0,0.0,0.0
recognition_half,t8_l0,isolate,test,benign_drill,0.0,1.0,2.0,1.0,2.0,0.0
recognition_half,t8_l0,isolate,family_shift,patient,4.0,1.0,0.0,0.0,0.0,0.0
recognition_half,t8_l0,isolate,family_shift,cycler,3.0,1.0,0.0,0.0,0.0,0.0
recognition_half,t8_l0,isolate,family_shift,benign_burst,0.0,1.0,12.0,1.0,12.0,0.0
recognition_half,t8_l0,isolate,family_shift,benign_recovery,0.0,1.0,7.0,1.0,7.0,0.0
recognition_half,t8_l1,isolate,test,fast,4.0,1.0,0.0,0.0,0.0,0.0
recognition_half,t8_l1,isolate,test,switcher,4.0,1.0,0.0,0.0,0.0,0.0
recognition_half,t8_l1,isolate,test,slow,3.0,1.0,0.0,0.0,0.0,0.0
recognition_half,t8_l1,isolate,test,avoider,4.0,1.0,0.0,0.0,0.0,0.0
recognition_half,t8_l1,isolate,test,benign_build,0.0,0.0,0.0,0.0,0.0,0.0
recognition_half,t8_l1,isolate,test,benign_admin,0.0,0.0,0.0,0.0,0.0,0.0
recognition_half,t8_l1,isolate,test,benign_drill,0.0,1.0,1.0,1.0,1.0,0.0
recognition_half,t8_l1,isolate,family_shift,patient,4.0,1.0,0.0,0.0,0.0,0.0
recognition_half,t8_l1,isolate,family_shift,cycler,4.0,1.0,0.0,0.0,0.0,0.0
recognition_half,t8_l1,isolate,family_shift,benign_burst,0.0,1.0,11.0,1.0,11.0,0.0
recognition_half,t8_l1,isolate,family_shift,benign_recovery,0.0,1.0,6.0,1.0,6.0,0.0
recognition_half,t12_l0,revoke,test,fast,23.0,0.0,0.0,0.0,0.0,0.0
recognition_half,t12_l0,revoke,test,switcher,16.0,0.0,0.0,0.0,0.0,0.0
recognition_half,t12_l0,revoke,test,slow,8.0,0.0,0.0,0.0,0.0,0.0
recognition_half,t12_l0,revoke,test,avoider,23.0,0.0,0.0,0.0,0.0,0.0
recognition_half,t12_l0,revoke,test,benign_build,0.0,0.0,0.0,0.0,0.0,0.0
recognition_half,t12_l0,revoke,test,benign_admin,0.0,0.0,0.0,0.0,0.0,0.0
recognition_half,t12_l0,revoke,test,benign_drill,0.0,0.0,0.0,0.0,0.0,0.0
recognition_half,t12_l0,revoke,family_shift,patient,6.0,0.0,0.0,0.0,0.0,0.0
recognition_half,t12_l0,revoke,family_shift,cycler,13.0,0.0,0.0,0.0,0.0,0.0
recognition_half,t12_l0,revoke,family_shift,benign_burst,0.0,1.0,7.0,1.0,7.0,0.0
recognition_half,t12_l0,revoke,family_shift,benign_recovery,0.0,0.0,0.0,0.0,0.0,0.0
recognition_half,t5_l0,revoke,test,fast,2.0,1.0,0.0,0.0,0.0,0.0
recognition_half,t5_l0,revoke,test,switcher,16.0,0.0,0.0,0.0,0.0,0.0
recognition_half,t5_l0,revoke,test,slow,2.0,1.0,0.0,0.0,0.0,0.0
recognition_half,t5_l0,revoke,test,avoider,2.0,1.0,0.0,0.0,0.0,0.0
recognition_half,t5_l0,revoke,test,benign_build,0.0,0.0,0.0,0.0,0.0,0.0
recognition_half,t5_l0,revoke,test,benign_admin,0.0,1.0,5.0,1.0,5.0,0.0
recognition_half,t5_l0,revoke,test,benign_drill,0.0,1.0,11.0,1.0,11.0,0.0
recognition_half,t5_l0,revoke,family_shift,patient,2.0,1.0,0.0,0.0,0.0,0.0
recognition_half,t5_l0,revoke,family_shift,cycler,13.0,0.0,0.0,0.0,0.0,0.0
recognition_half,t5_l0,revoke,family_shift,benign_burst,0.0,1.0,17.0,1.0,17.0,0.0
recognition_half,t5_l0,revoke,family_shift,benign_recovery,0.0,1.0,12.0,1.0,12.0,0.0
recognition_half,t8_l1,revoke,test,fast,23.0,0.0,0.0,0.0,0.0,0.0
recognition_half,t8_l1,revoke,test,switcher,16.0,0.0,0.0,0.0,0.0,0.0
recognition_half,t8_l1,revoke,test,slow,8.0,0.0,0.0,0.0,0.0,0.0
recognition_half,t8_l1,revoke,test,avoider,23.0,0.0,0.0,0.0,0.0,0.0
recognition_half,t8_l1,revoke,test,benign_build,0.0,0.0,0.0,0.0,0.0,0.0
recognition_half,t8_l1,revoke,test,benign_admin,0.0,0.0,0.0,0.0,0.0,0.0
recognition_half,t8_l1,revoke,test,benign_drill,0.0,1.0,1.0,1.0,1.0,0.0
recognition_half,t8_l1,revoke,family_shift,patient,6.0,0.0,0.0,0.0,0.0,0.0
recognition_half,t8_l1,revoke,family_shift,cycler,13.0,0.0,0.0,0.0,0.0,0.0
recognition_half,t8_l1,revoke,family_shift,benign_burst,0.0,1.0,11.0,1.0,11.0,0.0
recognition_half,t8_l1,revoke,family_shift,benign_recovery,0.0,1.0,6.0,1.0,6.0,0.0
patience_four,t12_l0,deception,test,fast,3.305,0.675,0.0,0.0,0.0,0.0
patience_four,t12_l0,deception,test,switcher,4.08,0.54,0.0,0.0,0.0,0.0
patience_four,t12_l0,deception,test,slow,2.13,0.68,0.0,0.0,0.0,0.0
patience_four,t12_l0,deception,test,avoider,23.0,0.0,0.0,0.0,0.0,0.0
patience_four,t12_l0,deception,test,benign_build,0.0,0.0,0.0,0.0,0.0,0.0
patience_four,t12_l0,deception,test,benign_admin,0.0,0.78,3.705,0.78,3.705,0.0
patience_four,t12_l0,deception,test,benign_drill,0.0,0.93,11.275,0.93,11.275,0.0
patience_four,t12_l0,deception,family_shift,patient,1.835,0.69,0.0,0.0,0.0,0.0
patience_four,t12_l0,deception,family_shift,cycler,3.94,0.505,0.0,0.0,0.0,0.0
patience_four,t12_l0,deception,family_shift,benign_burst,0.0,1.0,14.83,1.0,14.83,0.0
patience_four,t12_l0,deception,family_shift,benign_recovery,0.0,0.99,12.515,0.99,12.515,0.0
patience_four,t20_l0,deception,test,fast,4.4,0.55,0.0,0.0,0.0,0.0
patience_four,t20_l0,deception,test,switcher,4.08,0.54,0.0,0.0,0.0,0.0
patience_four,t20_l0,deception,test,slow,2.725,0.555,0.0,0.0,0.0,0.0
patience_four,t20_l0,deception,test,avoider,23.0,0.0,0.0,0.0,0.0,0.0
patience_four,t20_l0,deception,test,benign_build,0.0,0.0,0.0,0.0,0.0,0.0
patience_four,t20_l0,deception,test,benign_admin,0.0,0.15,1.665,0.15,1.665,0.0
patience_four,t20_l0,deception,test,benign_drill,0.0,0.765,8.25,0.765,8.25,0.0
patience_four,t20_l0,deception,family_shift,patient,2.11,0.585,0.0,0.0,0.0,0.0
patience_four,t20_l0,deception,family_shift,cycler,3.94,0.505,0.0,0.0,0.0,0.0
patience_four,t20_l0,deception,family_shift,benign_burst,0.0,0.95,10.68,0.95,10.68,0.0
patience_four,t20_l0,deception,family_shift,benign_recovery,0.0,0.905,7.68,0.905,7.68,0.0
patience_four,t20_l1,deception,test,fast,4.445,0.55,0.0,0.0,0.0,0.0
patience_four,t20_l1,deception,test,switcher,4.08,0.54,0.0,0.0,0.0,0.0
patience_four,t20_l1,deception,test,slow,2.725,0.555,0.0,0.0,0.0,0.0
patience_four,t20_l1,deception,test,avoider,23.0,0.0,0.0,0.0,0.0,0.0
patience_four,t20_l1,deception,test,benign_build,0.0,0.0,0.0,0.0,0.0,0.0
patience_four,t20_l1,deception,test,benign_admin,0.0,0.15,1.515,0.15,1.515,0.0
patience_four,t20_l1,deception,test,benign_drill,0.0,0.765,7.485,0.765,7.485,0.0
patience_four,t20_l1,deception,family_shift,patient,2.11,0.585,0.0,0.0,0.0,0.0
patience_four,t20_l1,deception,family_shift,cycler,3.94,0.505,0.0,0.0,0.0,0.0
patience_four,t20_l1,deception,family_shift,benign_burst,0.0,0.95,9.76,0.95,9.76,0.0
patience_four,t20_l1,deception,family_shift,benign_recovery,0.0,0.905,6.775,0.905,6.775,0.0
patience_four,t5_l0,deception,test,fast,0.83,1.0,0.0,0.0,0.0,0.0
patience_four,t5_l0,deception,test,switcher,4.08,0.54,0.0,0.0,0.0,0.0
patience_four,t5_l0,deception,test,slow,0.82,1.0,0.0,0.0,0.0,0.0
patience_four,t5_l0,deception,test,avoider,2.0,1.0,0.0,0.0,0.0,0.0
patience_four,t5_l0,deception,test,benign_build,0.0,0.0,0.0,0.0,0.0,0.0
patience_four,t5_l0,deception,test,benign_admin,0.0,1.0,9.295,1.0,9.295,0.0
patience_four,t5_l0,deception,test,benign_drill,0.0,1.0,14.79,1.0,14.79,0.0
patience_four,t5_l0,deception,family_shift,patient,0.775,1.0,0.0,0.0,0.0,0.0
patience_four,t5_l0,deception,family_shift,cycler,3.94,0.505,0.0,0.0,0.0,0.0
patience_four,t5_l0,deception,family_shift,benign_burst,0.0,1.0,17.83,1.0,17.83,0.0
patience_four,t5_l0,deception,family_shift,benign_recovery,0.0,1.0,16.105,1.0,16.105,0.0
patience_four,t8_l1,deception,test,fast,3.43,0.675,0.0,0.0,0.0,0.0
patience_four,t8_l1,deception,test,switcher,4.08,0.54,0.0,0.0,0.0,0.0
patience_four,t8_l1,deception,test,slow,2.13,0.68,0.0,0.0,0.0,0.0
patience_four,t8_l1,deception,test,avoider,23.0,0.0,0.0,0.0,0.0,0.0
patience_four,t8_l1,deception,test,benign_build,0.0,0.0,0.0,0.0,0.0,0.0
patience_four,t8_l1,deception,test,benign_admin,0.0,0.78,7.1,0.78,7.1,0.0
patience_four,t8_l1,deception,test,benign_drill,0.0,1.0,12.375,1.0,12.375,0.0
patience_four,t8_l1,deception,family_shift,patient,1.73,0.69,0.0,0.0,0.0,0.0
patience_four,t8_l1,deception,family_shift,cycler,3.94,0.505,0.0,0.0,0.0,0.0
patience_four,t8_l1,deception,family_shift,benign_burst,0.0,1.0,15.015,1.0,15.015,0.0
patience_four,t8_l1,deception,family_shift,benign_recovery,0.0,1.0,14.485,1.0,14.485,0.0
patience_four,t5_l0,deception_silent,test,fast,0.83,1.0,0.0,0.0,0.0,0.0
patience_four,t5_l0,deception_silent,test,switcher,4.08,0.54,0.0,0.0,0.0,0.0
patience_four,t5_l0,deception_silent,test,slow,0.82,1.0,0.0,0.0,0.0,0.0
patience_four,t5_l0,deception_silent,test,avoider,2.0,1.0,0.0,0.0,0.0,0.0
patience_four,t5_l0,deception_silent,test,benign_build,0.0,0.0,0.0,0.0,0.0,0.0
patience_four,t5_l0,deception_silent,test,benign_admin,0.0,1.0,6.005,1.0,6.005,0.0
patience_four,t5_l0,deception_silent,test,benign_drill,0.0,1.0,13.37,1.0,13.37,0.0
patience_four,t5_l0,deception_silent,family_shift,patient,0.775,1.0,0.0,0.0,0.0,0.0
patience_four,t5_l0,deception_silent,family_shift,cycler,3.94,0.505,0.0,0.0,0.0,0.0
patience_four,t5_l0,deception_silent,family_shift,benign_burst,0.0,1.0,17.64,1.0,17.64,0.0
patience_four,t5_l0,deception_silent,family_shift,benign_recovery,0.0,1.0,13.325,1.0,13.325,0.0
patience_four,t5_l1,deception_silent,test,fast,3.43,0.675,0.0,0.0,0.0,0.0
patience_four,t5_l1,deception_silent,test,switcher,4.08,0.54,0.0,0.0,0.0,0.0
patience_four,t5_l1,deception_silent,test,slow,0.82,1.0,0.0,0.0,0.0,0.0
patience_four,t5_l1,deception_silent,test,avoider,23.0,0.0,0.0,0.0,0.0,0.0
patience_four,t5_l1,deception_silent,test,benign_build,0.0,0.0,0.0,0.0,0.0,0.0
patience_four,t5_l1,deception_silent,test,benign_admin,0.0,1.0,5.005,1.0,5.005,0.0
patience_four,t5_l1,deception_silent,test,benign_drill,0.0,1.0,12.37,1.0,12.37,0.0
patience_four,t5_l1,deception_silent,family_shift,patient,0.775,1.0,0.0,0.0,0.0,0.0
patience_four,t5_l1,deception_silent,family_shift,cycler,3.94,0.505,0.0,0.0,0.0,0.0
patience_four,t5_l1,deception_silent,family_shift,benign_burst,0.0,1.0,16.64,1.0,16.64,0.0
patience_four,t5_l1,deception_silent,family_shift,benign_recovery,0.0,1.0,12.325,1.0,12.325,0.0
patience_four,t8_l0,deception_silent,test,fast,3.43,0.675,0.0,0.0,0.0,0.0
patience_four,t8_l0,deception_silent,test,switcher,4.08,0.54,0.0,0.0,0.0,0.0
patience_four,t8_l0,deception_silent,test,slow,2.255,0.68,0.0,0.0,0.0,0.0
patience_four,t8_l0,deception_silent,test,avoider,23.0,0.0,0.0,0.0,0.0,0.0
patience_four,t8_l0,deception_silent,test,benign_build,0.0,0.0,0.0,0.0,0.0,0.0
patience_four,t8_l0,deception_silent,test,benign_admin,0.0,0.0,1.36,0.0,1.36,0.0
patience_four,t8_l0,deception_silent,test,benign_drill,0.0,1.0,5.945,1.0,5.945,0.0
patience_four,t8_l0,deception_silent,family_shift,patient,1.835,0.69,0.0,0.0,0.0,0.0
patience_four,t8_l0,deception_silent,family_shift,cycler,3.94,0.505,0.0,0.0,0.0,0.0
patience_four,t8_l0,deception_silent,family_shift,benign_burst,0.0,1.0,13.4,1.0,13.4,0.0
patience_four,t8_l0,deception_silent,family_shift,benign_recovery,0.0,1.0,8.995,1.0,8.995,0.0
patience_four,t8_l1,deception_silent,test,fast,4.445,0.55,0.0,0.0,0.0,0.0
patience_four,t8_l1,deception_silent,test,switcher,4.08,0.54,0.0,0.0,0.0,0.0
patience_four,t8_l1,deception_silent,test,slow,2.255,0.68,0.0,0.0,0.0,0.0
patience_four,t8_l1,deception_silent,test,avoider,23.0,0.0,0.0,0.0,0.0,0.0
patience_four,t8_l1,deception_silent,test,benign_build,0.0,0.0,0.0,0.0,0.0,0.0
patience_four,t8_l1,deception_silent,test,benign_admin,0.0,0.0,1.36,0.0,1.36,0.0
patience_four,t8_l1,deception_silent,test,benign_drill,0.0,1.0,4.92,1.0,4.92,0.0
patience_four,t8_l1,deception_silent,family_shift,patient,1.835,0.69,0.0,0.0,0.0,0.0
patience_four,t8_l1,deception_silent,family_shift,cycler,3.94,0.505,0.0,0.0,0.0,0.0
patience_four,t8_l1,deception_silent,family_shift,benign_burst,0.0,1.0,12.4,1.0,12.4,0.0
patience_four,t8_l1,deception_silent,family_shift,benign_recovery,0.0,1.0,7.995,1.0,7.995,0.0
patience_four,t12_l0,isolate,test,fast,4.0,1.0,0.0,0.0,0.0,0.0
patience_four,t12_l0,isolate,test,switcher,4.0,1.0,0.0,0.0,0.0,0.0
patience_four,t12_l0,isolate,test,slow,4.0,1.0,0.0,0.0,0.0,0.0
patience_four,t12_l0,isolate,test,avoider,4.0,1.0,0.0,0.0,0.0,0.0
patience_four,t12_l0,isolate,test,benign_build,0.0,0.0,0.0,0.0,0.0,0.0
patience_four,t12_l0,isolate,test,benign_admin,0.0,0.0,0.0,0.0,0.0,0.0
patience_four,t12_l0,isolate,test,benign_drill,0.0,0.0,0.0,0.0,0.0,0.0
patience_four,t12_l0,isolate,family_shift,patient,5.0,1.0,0.0,0.0,0.0,0.0
patience_four,t12_l0,isolate,family_shift,cycler,4.0,1.0,0.0,0.0,0.0,0.0
patience_four,t12_l0,isolate,family_shift,benign_burst,0.0,1.0,7.0,1.0,7.0,0.0
patience_four,t12_l0,isolate,family_shift,benign_recovery,0.0,0.0,0.0,0.0,0.0,0.0
patience_four,t5_l0,isolate,test,fast,2.0,1.0,0.0,0.0,0.0,0.0
patience_four,t5_l0,isolate,test,switcher,2.0,1.0,0.0,0.0,0.0,0.0
patience_four,t5_l0,isolate,test,slow,2.0,1.0,0.0,0.0,0.0,0.0
patience_four,t5_l0,isolate,test,avoider,2.0,1.0,0.0,0.0,0.0,0.0
patience_four,t5_l0,isolate,test,benign_build,0.0,0.0,0.0,0.0,0.0,0.0
patience_four,t5_l0,isolate,test,benign_admin,0.0,1.0,5.0,1.0,5.0,0.0
patience_four,t5_l0,isolate,test,benign_drill,0.0,1.0,11.0,1.0,11.0,0.0
patience_four,t5_l0,isolate,family_shift,patient,2.0,1.0,0.0,0.0,0.0,0.0
patience_four,t5_l0,isolate,family_shift,cycler,2.0,1.0,0.0,0.0,0.0,0.0
patience_four,t5_l0,isolate,family_shift,benign_burst,0.0,1.0,17.0,1.0,17.0,0.0
patience_four,t5_l0,isolate,family_shift,benign_recovery,0.0,1.0,12.0,1.0,12.0,0.0
patience_four,t8_l0,isolate,test,fast,3.0,1.0,0.0,0.0,0.0,0.0
patience_four,t8_l0,isolate,test,switcher,3.0,1.0,0.0,0.0,0.0,0.0
patience_four,t8_l0,isolate,test,slow,3.0,1.0,0.0,0.0,0.0,0.0
patience_four,t8_l0,isolate,test,avoider,3.0,1.0,0.0,0.0,0.0,0.0
patience_four,t8_l0,isolate,test,benign_build,0.0,0.0,0.0,0.0,0.0,0.0
patience_four,t8_l0,isolate,test,benign_admin,0.0,0.0,0.0,0.0,0.0,0.0
patience_four,t8_l0,isolate,test,benign_drill,0.0,1.0,2.0,1.0,2.0,0.0
patience_four,t8_l0,isolate,family_shift,patient,4.0,1.0,0.0,0.0,0.0,0.0
patience_four,t8_l0,isolate,family_shift,cycler,3.0,1.0,0.0,0.0,0.0,0.0
patience_four,t8_l0,isolate,family_shift,benign_burst,0.0,1.0,12.0,1.0,12.0,0.0
patience_four,t8_l0,isolate,family_shift,benign_recovery,0.0,1.0,7.0,1.0,7.0,0.0
patience_four,t8_l1,isolate,test,fast,4.0,1.0,0.0,0.0,0.0,0.0
patience_four,t8_l1,isolate,test,switcher,4.0,1.0,0.0,0.0,0.0,0.0
patience_four,t8_l1,isolate,test,slow,3.0,1.0,0.0,0.0,0.0,0.0
patience_four,t8_l1,isolate,test,avoider,4.0,1.0,0.0,0.0,0.0,0.0
patience_four,t8_l1,isolate,test,benign_build,0.0,0.0,0.0,0.0,0.0,0.0
patience_four,t8_l1,isolate,test,benign_admin,0.0,0.0,0.0,0.0,0.0,0.0
patience_four,t8_l1,isolate,test,benign_drill,0.0,1.0,1.0,1.0,1.0,0.0
patience_four,t8_l1,isolate,family_shift,patient,4.0,1.0,0.0,0.0,0.0,0.0
patience_four,t8_l1,isolate,family_shift,cycler,4.0,1.0,0.0,0.0,0.0,0.0
patience_four,t8_l1,isolate,family_shift,benign_burst,0.0,1.0,11.0,1.0,11.0,0.0
patience_four,t8_l1,isolate,family_shift,benign_recovery,0.0,1.0,6.0,1.0,6.0,0.0
patience_four,t12_l0,revoke,test,fast,23.0,0.0,0.0,0.0,0.0,0.0
patience_four,t12_l0,revoke,test,switcher,16.0,0.0,0.0,0.0,0.0,0.0
patience_four,t12_l0,revoke,test,slow,8.0,0.0,0.0,0.0,0.0,0.0
patience_four,t12_l0,revoke,test,avoider,23.0,0.0,0.0,0.0,0.0,0.0
patience_four,t12_l0,revoke,test,benign_build,0.0,0.0,0.0,0.0,0.0,0.0
patience_four,t12_l0,revoke,test,benign_admin,0.0,0.0,0.0,0.0,0.0,0.0
patience_four,t12_l0,revoke,test,benign_drill,0.0,0.0,0.0,0.0,0.0,0.0
patience_four,t12_l0,revoke,family_shift,patient,6.0,0.0,0.0,0.0,0.0,0.0
patience_four,t12_l0,revoke,family_shift,cycler,13.0,0.0,0.0,0.0,0.0,0.0
patience_four,t12_l0,revoke,family_shift,benign_burst,0.0,1.0,7.0,1.0,7.0,0.0
patience_four,t12_l0,revoke,family_shift,benign_recovery,0.0,0.0,0.0,0.0,0.0,0.0
patience_four,t5_l0,revoke,test,fast,2.0,1.0,0.0,0.0,0.0,0.0
patience_four,t5_l0,revoke,test,switcher,16.0,0.0,0.0,0.0,0.0,0.0
patience_four,t5_l0,revoke,test,slow,2.0,1.0,0.0,0.0,0.0,0.0
patience_four,t5_l0,revoke,test,avoider,2.0,1.0,0.0,0.0,0.0,0.0
patience_four,t5_l0,revoke,test,benign_build,0.0,0.0,0.0,0.0,0.0,0.0
patience_four,t5_l0,revoke,test,benign_admin,0.0,1.0,5.0,1.0,5.0,0.0
patience_four,t5_l0,revoke,test,benign_drill,0.0,1.0,11.0,1.0,11.0,0.0
patience_four,t5_l0,revoke,family_shift,patient,2.0,1.0,0.0,0.0,0.0,0.0
patience_four,t5_l0,revoke,family_shift,cycler,13.0,0.0,0.0,0.0,0.0,0.0
patience_four,t5_l0,revoke,family_shift,benign_burst,0.0,1.0,17.0,1.0,17.0,0.0
patience_four,t5_l0,revoke,family_shift,benign_recovery,0.0,1.0,12.0,1.0,12.0,0.0
patience_four,t8_l1,revoke,test,fast,23.0,0.0,0.0,0.0,0.0,0.0
patience_four,t8_l1,revoke,test,switcher,16.0,0.0,0.0,0.0,0.0,0.0
patience_four,t8_l1,revoke,test,slow,8.0,0.0,0.0,0.0,0.0,0.0
patience_four,t8_l1,revoke,test,avoider,23.0,0.0,0.0,0.0,0.0,0.0
patience_four,t8_l1,revoke,test,benign_build,0.0,0.0,0.0,0.0,0.0,0.0
patience_four,t8_l1,revoke,test,benign_admin,0.0,0.0,0.0,0.0,0.0,0.0
patience_four,t8_l1,revoke,test,benign_drill,0.0,1.0,1.0,1.0,1.0,0.0
patience_four,t8_l1,revoke,family_shift,patient,6.0,0.0,0.0,0.0,0.0,0.0
patience_four,t8_l1,revoke,family_shift,cycler,13.0,0.0,0.0,0.0,0.0,0.0
patience_four,t8_l1,revoke,family_shift,benign_burst,0.0,1.0,11.0,1.0,11.0,0.0
patience_four,t8_l1,revoke,family_shift,benign_recovery,0.0,1.0,6.0,1.0,6.0,0.0
avoidance_half,t1000_l0,deception,test,fast,18.41,0.0,0.0,0.0,0.0,0.0
avoidance_half,t1000_l0,deception,test,switcher,13.19,0.0,0.0,0.0,0.0,0.0
avoidance_half,t1000_l0,deception,test,slow,6.075,0.0,0.0,0.0,0.0,0.0
avoidance_half,t1000_l0,deception,test,avoider,23.0,0.0,0.0,0.0,0.0,0.0
avoidance_half,t1000_l0,deception,test,benign_build,0.0,0.0,0.0,0.0,0.0,0.0
avoidance_half,t1000_l0,deception,test,benign_admin,0.0,0.0,0.71,0.0,0.71,0.0
avoidance_half,t1000_l0,deception,test,benign_drill,0.0,0.0,1.425,0.0,1.425,0.0
avoidance_half,t1000_l0,deception,family_shift,patient,4.555,0.0,0.0,0.0,0.0,0.0
avoidance_half,t1000_l0,deception,family_shift,cycler,11.06,0.0,0.0,0.0,0.0,0.0
avoidance_half,t1000_l0,deception,family_shift,benign_burst,0.0,0.0,1.37,0.0,1.37,0.0
avoidance_half,t1000_l0,deception,family_shift,benign_recovery,0.0,0.0,1.525,0.0,1.525,0.0
avoidance_half,t12_l0,deception,test,fast,8.055,0.335,0.0,0.0,0.0,0.0
avoidance_half,t12_l0,deception,test,switcher,6.94,0.275,0.0,0.0,0.0,0.0
avoidance_half,t12_l0,deception,test,slow,4.23,0.385,0.0,0.0,0.0,0.0
avoidance_half,t12_l0,deception,test,avoider,23.0,0.0,0.0,0.0,0.0,0.0
avoidance_half,t12_l0,deception,test,benign_build,0.0,0.0,0.0,0.0,0.0,0.0
avoidance_half,t12_l0,deception,test,benign_admin,0.0,0.535,1.79,0.535,1.79,0.0
avoidance_half,t12_l0,deception,test,benign_drill,0.0,0.66,7.995,0.66,7.995,0.0
avoidance_half,t12_l0,deception,family_shift,patient,3.585,0.38,0.0,0.0,0.0,0.0
avoidance_half,t12_l0,deception,family_shift,cycler,6.3,0.27,0.0,0.0,0.0,0.0
avoidance_half,t12_l0,deception,family_shift,benign_burst,0.0,1.0,11.915,1.0,11.915,0.0
avoidance_half,t12_l0,deception,family_shift,benign_recovery,0.0,0.885,9.445,0.885,9.445,0.0
avoidance_half,t12_l1,deception,test,fast,8.16,0.335,0.0,0.0,0.0,0.0
avoidance_half,t12_l1,deception,test,switcher,7.14,0.275,0.0,0.0,0.0,0.0
avoidance_half,t12_l1,deception,test,slow,4.23,0.385,0.0,0.0,0.0,0.0
avoidance_half,t12_l1,deception,test,avoider,23.0,0.0,0.0,0.0,0.0,0.0
avoidance_half,t12_l1,deception,test,benign_build,0.0,0.0,0.0,0.0,0.0,0.0
avoidance_half,t12_l1,deception,test,benign_admin,0.0,0.535,1.255,0.535,1.255,0.0
avoidance_half,t12_l1,deception,test,benign_drill,0.0,0.66,6.155,0.66,6.155,0.0
avoidance_half,t12_l1,deception,family_shift,patient,3.585,0.38,0.0,0.0,0.0,0.0
avoidance_half,t12_l1,deception,family_shift,cycler,6.505,0.27,0.0,0.0,0.0,0.0
avoidance_half,t12_l1,deception,family_shift,benign_burst,0.0,1.0,10.955,1.0,10.955,0.0
avoidance_half,t12_l1,deception,family_shift,benign_recovery,0.0,0.885,8.56,0.885,8.56,0.0
avoidance_half,t20_l0,deception,test,fast,8.86,0.23,0.0,0.0,0.0,0.0
avoidance_half,t20_l0,deception,test,switcher,7.14,0.275,0.0,0.0,0.0,0.0
avoidance_half,t20_l0,deception,test,slow,4.685,0.29,0.0,0.0,0.0,0.0
avoidance_half,t20_l0,deception,test,avoider,23.0,0.0,0.0,0.0,0.0,0.0
avoidance_half,t20_l0,deception,test,benign_build,0.0,0.0,0.0,0.0,0.0,0.0
avoidance_half,t20_l0,deception,test,benign_admin,0.0,0.015,0.725,0.015,0.725,0.0
avoidance_half,t20_l0,deception,test,benign_drill,0.0,0.435,4.345,0.435,4.345,0.0
avoidance_half,t20_l0,deception,family_shift,patient,3.83,0.295,0.0,0.0,0.0,0.0
avoidance_half,t20_l0,deception,family_shift,cycler,6.505,0.27,0.0,0.0,0.0,0.0
avoidance_half,t20_l0,deception,family_shift,benign_burst,0.0,0.775,6.8,0.775,6.8,0.0
avoidance_half,t20_l0,deception,family_shift,benign_recovery,0.0,0.47,3.92,0.47,3.92,0.0
avoidance_half,t5_l0,deception,test,fast,1.445,1.0,0.0,0.0,0.0,0.0
avoidance_half,t5_l0,deception,test,switcher,6.94,0.275,0.0,0.0,0.0,0.0
avoidance_half,t5_l0,deception,test,slow,1.35,1.0,0.0,0.0,0.0,0.0
avoidance_half,t5_l0,deception,test,avoider,2.0,1.0,0.0,0.0,0.0,0.0
avoidance_half,t5_l0,deception,test,benign_build,0.0,0.0,0.0,0.0,0.0,0.0
avoidance_half,t5_l0,deception,test,benign_admin,0.0,1.0,7.58,1.0,7.58,0.0
avoidance_half,t5_l0,deception,test,benign_drill,0.0,1.0,13.9,1.0,13.9,0.0
avoidance_half,t5_l0,deception,family_shift,patient,1.34,1.0,0.0,0.0,0.0,0.0
avoidance_half,t5_l0,deception,family_shift,cycler,6.3,0.27,0.0,0.0,0.0,0.0
avoidance_half,t5_l0,deception,family_shift,benign_burst,0.0,1.0,17.475,1.0,17.475,0.0
avoidance_half,t5_l0,deception,family_shift,benign_recovery,0.0,1.0,14.22,1.0,14.22,0.0
avoidance_half,t8_l1,deception,test,fast,8.16,0.335,0.0,0.0,0.0,0.0
avoidance_half,t8_l1,deception,test,switcher,6.94,0.275,0.0,0.0,0.0,0.0
avoidance_half,t8_l1,deception,test,slow,4.23,0.385,0.0,0.0,0.0,0.0
avoidance_half,t8_l1,deception,test,avoider,23.0,0.0,0.0,0.0,0.0,0.0
avoidance_half,t8_l1,deception,test,benign_build,0.0,0.0,0.0,0.0,0.0,0.0
avoidance_half,t8_l1,deception,test,benign_admin,0.0,0.535,4.495,0.535,4.495,0.0
avoidance_half,t8_l1,deception,test,benign_drill,0.0,1.0,8.905,1.0,8.905,0.0
avoidance_half,t8_l1,deception,family_shift,patient,3.5,0.38,0.0,0.0,0.0,0.0
avoidance_half,t8_l1,deception,family_shift,cycler,6.3,0.27,0.0,0.0,0.0,0.0
avoidance_half,t8_l1,deception,family_shift,benign_burst,0.0,1.0,13.325,1.0,13.325,0.0
avoidance_half,t8_l1,deception,family_shift,benign_recovery,0.0,1.0,11.26,1.0,11.26,0.0
avoidance_half,t12_l0,deception_silent,test,fast,9.175,0.23,0.0,0.0,0.0,0.0
avoidance_half,t12_l0,deception_silent,test,switcher,8.96,0.075,0.0,0.0,0.0,0.0
avoidance_half,t12_l0,deception_silent,test,slow,5.095,0.29,0.0,0.0,0.0,0.0
avoidance_half,t12_l0,deception_silent,test,avoider,23.0,0.0,0.0,0.0,0.0,0.0
avoidance_half,t12_l0,deception_silent,test,benign_build,0.0,0.0,0.0,0.0,0.0,0.0
avoidance_half,t12_l0,deception_silent,test,benign_admin,0.0,0.0,0.71,0.0,0.71,0.0
avoidance_half,t12_l0,deception_silent,test,benign_drill,0.0,0.09,1.605,0.09,1.605,0.0
avoidance_half,t12_l0,deception_silent,family_shift,patient,4.29,0.295,0.0,0.0,0.0,0.0
avoidance_half,t12_l0,deception_silent,family_shift,cycler,8.05,0.065,0.0,0.0,0.0,0.0
avoidance_half,t12_l0,deception_silent,family_shift,benign_burst,0.0,1.0,7.995,1.0,7.995,0.0
avoidance_half,t12_l0,deception_silent,family_shift,benign_recovery,0.0,0.0,1.525,0.0,1.525,0.0
avoidance_half,t5_l0,deception_silent,test,fast,1.445,1.0,0.0,0.0,0.0,0.0
avoidance_half,t5_l0,deception_silent,test,switcher,6.94,0.275,0.0,0.0,0.0,0.0
avoidance_half,t5_l0,deception_silent,test,slow,1.35,1.0,0.0,0.0,0.0,0.0
avoidance_half,t5_l0,deception_silent,test,avoider,2.0,1.0,0.0,0.0,0.0,0.0
avoidance_half,t5_l0,deception_silent,test,benign_build,0.0,0.0,0.0,0.0,0.0,0.0
avoidance_half,t5_l0,deception_silent,test,benign_admin,0.0,1.0,5.56,1.0,5.56,0.0
avoidance_half,t5_l0,deception_silent,test,benign_drill,0.0,1.0,13.06,1.0,13.06,0.0
avoidance_half,t5_l0,deception_silent,family_shift,patient,1.34,1.0,0.0,0.0,0.0,0.0
avoidance_half,t5_l0,deception_silent,family_shift,cycler,6.3,0.27,0.0,0.0,0.0,0.0
avoidance_half,t5_l0,deception_silent,family_shift,benign_burst,0.0,1.0,17.325,1.0,17.325,0.0
avoidance_half,t5_l0,deception_silent,family_shift,benign_recovery,0.0,1.0,12.71,1.0,12.71,0.0
avoidance_half,t8_l0,deception_silent,test,fast,8.16,0.335,0.0,0.0,0.0,0.0
avoidance_half,t8_l0,deception_silent,test,switcher,7.14,0.275,0.0,0.0,0.0,0.0
avoidance_half,t8_l0,deception_silent,test,slow,4.325,0.385,0.0,0.0,0.0,0.0
avoidance_half,t8_l0,deception_silent,test,avoider,23.0,0.0,0.0,0.0,0.0,0.0
avoidance_half,t8_l0,deception_silent,test,benign_build,0.0,0.0,0.0,0.0,0.0,0.0
avoidance_half,t8_l0,deception_silent,test,benign_admin,0.0,0.0,0.71,0.0,0.71,0.0
avoidance_half,t8_l0,deception_silent,test,benign_drill,0.0,1.0,5.475,1.0,5.475,0.0
avoidance_half,t8_l0,deception_silent,family_shift,patient,3.585,0.38,0.0,0.0,0.0,0.0
avoidance_half,t8_l0,deception_silent,family_shift,cycler,6.505,0.27,0.0,0.0,0.0,0.0
avoidance_half,t8_l0,deception_silent,family_shift,benign_burst,0.0,1.0,12.675,1.0,12.675,0.0
avoidance_half,t8_l0,deception_silent,family_shift,benign_recovery,0.0,1.0,8.145,1.0,8.145,0.0
avoidance_half,t8_l1,deception_silent,test,fast,9.035,0.23,0.0,0.0,0.0,0.0
avoidance_half,t8_l1,deception_silent,test,switcher,8.96,0.075,0.0,0.0,0.0,0.0
avoidance_half,t8_l1,deception_silent,test,slow,4.325,0.385,0.0,0.0,0.0,0.0
avoidance_half,t8_l1,deception_silent,test,avoider,23.0,0.0,0.0,0.0,0.0,0.0
avoidance_half,t8_l1,deception_silent,test,benign_build,0.0,0.0,0.0,0.0,0.0,0.0
avoidance_half,t8_l1,deception_silent,test,benign_admin,0.0,0.0,0.71,0.0,0.71,0.0
avoidance_half,t8_l1,deception_silent,test,benign_drill,0.0,1.0,4.42,1.0,4.42,0.0
avoidance_half,t8_l1,deception_silent,family_shift,patient,3.585,0.38,0.0,0.0,0.0,0.0
avoidance_half,t8_l1,deception_silent,family_shift,cycler,8.05,0.065,0.0,0.0,0.0,0.0
avoidance_half,t8_l1,deception_silent,family_shift,benign_burst,0.0,1.0,11.675,1.0,11.675,0.0
avoidance_half,t8_l1,deception_silent,family_shift,benign_recovery,0.0,1.0,7.145,1.0,7.145,0.0
avoidance_half,t12_l0,isolate,test,fast,4.0,1.0,0.0,0.0,0.0,0.0
avoidance_half,t12_l0,isolate,test,switcher,4.0,1.0,0.0,0.0,0.0,0.0
avoidance_half,t12_l0,isolate,test,slow,4.0,1.0,0.0,0.0,0.0,0.0
avoidance_half,t12_l0,isolate,test,avoider,4.0,1.0,0.0,0.0,0.0,0.0
avoidance_half,t12_l0,isolate,test,benign_build,0.0,0.0,0.0,0.0,0.0,0.0
avoidance_half,t12_l0,isolate,test,benign_admin,0.0,0.0,0.0,0.0,0.0,0.0
avoidance_half,t12_l0,isolate,test,benign_drill,0.0,0.0,0.0,0.0,0.0,0.0
avoidance_half,t12_l0,isolate,family_shift,patient,5.0,1.0,0.0,0.0,0.0,0.0
avoidance_half,t12_l0,isolate,family_shift,cycler,4.0,1.0,0.0,0.0,0.0,0.0
avoidance_half,t12_l0,isolate,family_shift,benign_burst,0.0,1.0,7.0,1.0,7.0,0.0
avoidance_half,t12_l0,isolate,family_shift,benign_recovery,0.0,0.0,0.0,0.0,0.0,0.0
avoidance_half,t5_l0,isolate,test,fast,2.0,1.0,0.0,0.0,0.0,0.0
avoidance_half,t5_l0,isolate,test,switcher,2.0,1.0,0.0,0.0,0.0,0.0
avoidance_half,t5_l0,isolate,test,slow,2.0,1.0,0.0,0.0,0.0,0.0
avoidance_half,t5_l0,isolate,test,avoider,2.0,1.0,0.0,0.0,0.0,0.0
avoidance_half,t5_l0,isolate,test,benign_build,0.0,0.0,0.0,0.0,0.0,0.0
avoidance_half,t5_l0,isolate,test,benign_admin,0.0,1.0,5.0,1.0,5.0,0.0
avoidance_half,t5_l0,isolate,test,benign_drill,0.0,1.0,11.0,1.0,11.0,0.0
avoidance_half,t5_l0,isolate,family_shift,patient,2.0,1.0,0.0,0.0,0.0,0.0
avoidance_half,t5_l0,isolate,family_shift,cycler,2.0,1.0,0.0,0.0,0.0,0.0
avoidance_half,t5_l0,isolate,family_shift,benign_burst,0.0,1.0,17.0,1.0,17.0,0.0
avoidance_half,t5_l0,isolate,family_shift,benign_recovery,0.0,1.0,12.0,1.0,12.0,0.0
avoidance_half,t8_l0,isolate,test,fast,3.0,1.0,0.0,0.0,0.0,0.0
avoidance_half,t8_l0,isolate,test,switcher,3.0,1.0,0.0,0.0,0.0,0.0
avoidance_half,t8_l0,isolate,test,slow,3.0,1.0,0.0,0.0,0.0,0.0
avoidance_half,t8_l0,isolate,test,avoider,3.0,1.0,0.0,0.0,0.0,0.0
avoidance_half,t8_l0,isolate,test,benign_build,0.0,0.0,0.0,0.0,0.0,0.0
avoidance_half,t8_l0,isolate,test,benign_admin,0.0,0.0,0.0,0.0,0.0,0.0
avoidance_half,t8_l0,isolate,test,benign_drill,0.0,1.0,2.0,1.0,2.0,0.0
avoidance_half,t8_l0,isolate,family_shift,patient,4.0,1.0,0.0,0.0,0.0,0.0
avoidance_half,t8_l0,isolate,family_shift,cycler,3.0,1.0,0.0,0.0,0.0,0.0
avoidance_half,t8_l0,isolate,family_shift,benign_burst,0.0,1.0,12.0,1.0,12.0,0.0
avoidance_half,t8_l0,isolate,family_shift,benign_recovery,0.0,1.0,7.0,1.0,7.0,0.0
avoidance_half,t8_l1,isolate,test,fast,4.0,1.0,0.0,0.0,0.0,0.0
avoidance_half,t8_l1,isolate,test,switcher,4.0,1.0,0.0,0.0,0.0,0.0
avoidance_half,t8_l1,isolate,test,slow,3.0,1.0,0.0,0.0,0.0,0.0
avoidance_half,t8_l1,isolate,test,avoider,4.0,1.0,0.0,0.0,0.0,0.0
avoidance_half,t8_l1,isolate,test,benign_build,0.0,0.0,0.0,0.0,0.0,0.0
avoidance_half,t8_l1,isolate,test,benign_admin,0.0,0.0,0.0,0.0,0.0,0.0
avoidance_half,t8_l1,isolate,test,benign_drill,0.0,1.0,1.0,1.0,1.0,0.0
avoidance_half,t8_l1,isolate,family_shift,patient,4.0,1.0,0.0,0.0,0.0,0.0
avoidance_half,t8_l1,isolate,family_shift,cycler,4.0,1.0,0.0,0.0,0.0,0.0
avoidance_half,t8_l1,isolate,family_shift,benign_burst,0.0,1.0,11.0,1.0,11.0,0.0
avoidance_half,t8_l1,isolate,family_shift,benign_recovery,0.0,1.0,6.0,1.0,6.0,0.0
avoidance_half,t12_l0,revoke,test,fast,23.0,0.0,0.0,0.0,0.0,0.0
avoidance_half,t12_l0,revoke,test,switcher,16.0,0.0,0.0,0.0,0.0,0.0
avoidance_half,t12_l0,revoke,test,slow,8.0,0.0,0.0,0.0,0.0,0.0
avoidance_half,t12_l0,revoke,test,avoider,23.0,0.0,0.0,0.0,0.0,0.0
avoidance_half,t12_l0,revoke,test,benign_build,0.0,0.0,0.0,0.0,0.0,0.0
avoidance_half,t12_l0,revoke,test,benign_admin,0.0,0.0,0.0,0.0,0.0,0.0
avoidance_half,t12_l0,revoke,test,benign_drill,0.0,0.0,0.0,0.0,0.0,0.0
avoidance_half,t12_l0,revoke,family_shift,patient,6.0,0.0,0.0,0.0,0.0,0.0
avoidance_half,t12_l0,revoke,family_shift,cycler,13.0,0.0,0.0,0.0,0.0,0.0
avoidance_half,t12_l0,revoke,family_shift,benign_burst,0.0,1.0,7.0,1.0,7.0,0.0
avoidance_half,t12_l0,revoke,family_shift,benign_recovery,0.0,0.0,0.0,0.0,0.0,0.0
avoidance_half,t5_l0,revoke,test,fast,2.0,1.0,0.0,0.0,0.0,0.0
avoidance_half,t5_l0,revoke,test,switcher,16.0,0.0,0.0,0.0,0.0,0.0
avoidance_half,t5_l0,revoke,test,slow,2.0,1.0,0.0,0.0,0.0,0.0
avoidance_half,t5_l0,revoke,test,avoider,2.0,1.0,0.0,0.0,0.0,0.0
avoidance_half,t5_l0,revoke,test,benign_build,0.0,0.0,0.0,0.0,0.0,0.0
avoidance_half,t5_l0,revoke,test,benign_admin,0.0,1.0,5.0,1.0,5.0,0.0
avoidance_half,t5_l0,revoke,test,benign_drill,0.0,1.0,11.0,1.0,11.0,0.0
avoidance_half,t5_l0,revoke,family_shift,patient,2.0,1.0,0.0,0.0,0.0,0.0
avoidance_half,t5_l0,revoke,family_shift,cycler,13.0,0.0,0.0,0.0,0.0,0.0
avoidance_half,t5_l0,revoke,family_shift,benign_burst,0.0,1.0,17.0,1.0,17.0,0.0
avoidance_half,t5_l0,revoke,family_shift,benign_recovery,0.0,1.0,12.0,1.0,12.0,0.0
avoidance_half,t8_l1,revoke,test,fast,23.0,0.0,0.0,0.0,0.0,0.0
avoidance_half,t8_l1,revoke,test,switcher,16.0,0.0,0.0,0.0,0.0,0.0
avoidance_half,t8_l1,revoke,test,slow,8.0,0.0,0.0,0.0,0.0,0.0
avoidance_half,t8_l1,revoke,test,avoider,23.0,0.0,0.0,0.0,0.0,0.0
avoidance_half,t8_l1,revoke,test,benign_build,0.0,0.0,0.0,0.0,0.0,0.0
avoidance_half,t8_l1,revoke,test,benign_admin,0.0,0.0,0.0,0.0,0.0,0.0
avoidance_half,t8_l1,revoke,test,benign_drill,0.0,1.0,1.0,1.0,1.0,0.0
avoidance_half,t8_l1,revoke,family_shift,patient,6.0,0.0,0.0,0.0,0.0,0.0
avoidance_half,t8_l1,revoke,family_shift,cycler,13.0,0.0,0.0,0.0,0.0,0.0
avoidance_half,t8_l1,revoke,family_shift,benign_burst,0.0,1.0,11.0,1.0,11.0,0.0
avoidance_half,t8_l1,revoke,family_shift,benign_recovery,0.0,1.0,6.0,1.0,6.0,0.0
avoidance_all,t12_l0,deception,test,fast,23.0,0.0,0.0,0.0,0.0,0.0
avoidance_all,t12_l0,deception,test,switcher,16.0,0.0,0.0,0.0,0.0,0.0
avoidance_all,t12_l0,deception,test,slow,8.0,0.0,0.0,0.0,0.0,0.0
avoidance_all,t12_l0,deception,test,avoider,23.0,0.0,0.0,0.0,0.0,0.0
avoidance_all,t12_l0,deception,test,benign_build,0.0,0.0,0.0,0.0,0.0,0.0
avoidance_all,t12_l0,deception,test,benign_admin,0.0,0.0,0.0,0.0,0.0,0.0
avoidance_all,t12_l0,deception,test,benign_drill,0.0,0.0,0.0,0.0,0.0,0.0
avoidance_all,t12_l0,deception,family_shift,patient,6.0,0.0,0.0,0.0,0.0,0.0
avoidance_all,t12_l0,deception,family_shift,cycler,13.0,0.0,0.0,0.0,0.0,0.0
avoidance_all,t12_l0,deception,family_shift,benign_burst,0.0,1.0,7.0,1.0,7.0,0.0
avoidance_all,t12_l0,deception,family_shift,benign_recovery,0.0,0.0,0.0,0.0,0.0,0.0
avoidance_all,t5_l0,deception,test,fast,2.0,1.0,0.0,0.0,0.0,0.0
avoidance_all,t5_l0,deception,test,switcher,16.0,0.0,0.0,0.0,0.0,0.0
avoidance_all,t5_l0,deception,test,slow,2.0,1.0,0.0,0.0,0.0,0.0
avoidance_all,t5_l0,deception,test,avoider,2.0,1.0,0.0,0.0,0.0,0.0
avoidance_all,t5_l0,deception,test,benign_build,0.0,0.0,0.0,0.0,0.0,0.0
avoidance_all,t5_l0,deception,test,benign_admin,0.0,1.0,5.0,1.0,5.0,0.0
avoidance_all,t5_l0,deception,test,benign_drill,0.0,1.0,11.0,1.0,11.0,0.0
avoidance_all,t5_l0,deception,family_shift,patient,2.0,1.0,0.0,0.0,0.0,0.0
avoidance_all,t5_l0,deception,family_shift,cycler,13.0,0.0,0.0,0.0,0.0,0.0
avoidance_all,t5_l0,deception,family_shift,benign_burst,0.0,1.0,17.0,1.0,17.0,0.0
avoidance_all,t5_l0,deception,family_shift,benign_recovery,0.0,1.0,12.0,1.0,12.0,0.0
avoidance_all,t8_l1,deception,test,fast,23.0,0.0,0.0,0.0,0.0,0.0
avoidance_all,t8_l1,deception,test,switcher,16.0,0.0,0.0,0.0,0.0,0.0
avoidance_all,t8_l1,deception,test,slow,8.0,0.0,0.0,0.0,0.0,0.0
avoidance_all,t8_l1,deception,test,avoider,23.0,0.0,0.0,0.0,0.0,0.0
avoidance_all,t8_l1,deception,test,benign_build,0.0,0.0,0.0,0.0,0.0,0.0
avoidance_all,t8_l1,deception,test,benign_admin,0.0,0.0,0.0,0.0,0.0,0.0
avoidance_all,t8_l1,deception,test,benign_drill,0.0,1.0,1.0,1.0,1.0,0.0
avoidance_all,t8_l1,deception,family_shift,patient,6.0,0.0,0.0,0.0,0.0,0.0
avoidance_all,t8_l1,deception,family_shift,cycler,13.0,0.0,0.0,0.0,0.0,0.0
avoidance_all,t8_l1,deception,family_shift,benign_burst,0.0,1.0,11.0,1.0,11.0,0.0
avoidance_all,t8_l1,deception,family_shift,benign_recovery,0.0,1.0,6.0,1.0,6.0,0.0
avoidance_all,t12_l0,deception_silent,test,fast,23.0,0.0,0.0,0.0,0.0,0.0
avoidance_all,t12_l0,deception_silent,test,switcher,16.0,0.0,0.0,0.0,0.0,0.0
avoidance_all,t12_l0,deception_silent,test,slow,8.0,0.0,0.0,0.0,0.0,0.0
avoidance_all,t12_l0,deception_silent,test,avoider,23.0,0.0,0.0,0.0,0.0,0.0
avoidance_all,t12_l0,deception_silent,test,benign_build,0.0,0.0,0.0,0.0,0.0,0.0
avoidance_all,t12_l0,deception_silent,test,benign_admin,0.0,0.0,0.0,0.0,0.0,0.0
avoidance_all,t12_l0,deception_silent,test,benign_drill,0.0,0.0,0.0,0.0,0.0,0.0
avoidance_all,t12_l0,deception_silent,family_shift,patient,6.0,0.0,0.0,0.0,0.0,0.0
avoidance_all,t12_l0,deception_silent,family_shift,cycler,13.0,0.0,0.0,0.0,0.0,0.0
avoidance_all,t12_l0,deception_silent,family_shift,benign_burst,0.0,1.0,7.0,1.0,7.0,0.0
avoidance_all,t12_l0,deception_silent,family_shift,benign_recovery,0.0,0.0,0.0,0.0,0.0,0.0
avoidance_all,t5_l0,deception_silent,test,fast,2.0,1.0,0.0,0.0,0.0,0.0
avoidance_all,t5_l0,deception_silent,test,switcher,16.0,0.0,0.0,0.0,0.0,0.0
avoidance_all,t5_l0,deception_silent,test,slow,2.0,1.0,0.0,0.0,0.0,0.0
avoidance_all,t5_l0,deception_silent,test,avoider,2.0,1.0,0.0,0.0,0.0,0.0
avoidance_all,t5_l0,deception_silent,test,benign_build,0.0,0.0,0.0,0.0,0.0,0.0
avoidance_all,t5_l0,deception_silent,test,benign_admin,0.0,1.0,5.0,1.0,5.0,0.0
avoidance_all,t5_l0,deception_silent,test,benign_drill,0.0,1.0,11.0,1.0,11.0,0.0
avoidance_all,t5_l0,deception_silent,family_shift,patient,2.0,1.0,0.0,0.0,0.0,0.0
avoidance_all,t5_l0,deception_silent,family_shift,cycler,13.0,0.0,0.0,0.0,0.0,0.0
avoidance_all,t5_l0,deception_silent,family_shift,benign_burst,0.0,1.0,17.0,1.0,17.0,0.0
avoidance_all,t5_l0,deception_silent,family_shift,benign_recovery,0.0,1.0,12.0,1.0,12.0,0.0
avoidance_all,t8_l1,deception_silent,test,fast,23.0,0.0,0.0,0.0,0.0,0.0
avoidance_all,t8_l1,deception_silent,test,switcher,16.0,0.0,0.0,0.0,0.0,0.0
avoidance_all,t8_l1,deception_silent,test,slow,8.0,0.0,0.0,0.0,0.0,0.0
avoidance_all,t8_l1,deception_silent,test,avoider,23.0,0.0,0.0,0.0,0.0,0.0
avoidance_all,t8_l1,deception_silent,test,benign_build,0.0,0.0,0.0,0.0,0.0,0.0
avoidance_all,t8_l1,deception_silent,test,benign_admin,0.0,0.0,0.0,0.0,0.0,0.0
avoidance_all,t8_l1,deception_silent,test,benign_drill,0.0,1.0,1.0,1.0,1.0,0.0
avoidance_all,t8_l1,deception_silent,family_shift,patient,6.0,0.0,0.0,0.0,0.0,0.0
avoidance_all,t8_l1,deception_silent,family_shift,cycler,13.0,0.0,0.0,0.0,0.0,0.0
avoidance_all,t8_l1,deception_silent,family_shift,benign_burst,0.0,1.0,11.0,1.0,11.0,0.0
avoidance_all,t8_l1,deception_silent,family_shift,benign_recovery,0.0,1.0,6.0,1.0,6.0,0.0
avoidance_all,t12_l0,isolate,test,fast,4.0,1.0,0.0,0.0,0.0,0.0
avoidance_all,t12_l0,isolate,test,switcher,4.0,1.0,0.0,0.0,0.0,0.0
avoidance_all,t12_l0,isolate,test,slow,4.0,1.0,0.0,0.0,0.0,0.0
avoidance_all,t12_l0,isolate,test,avoider,4.0,1.0,0.0,0.0,0.0,0.0
avoidance_all,t12_l0,isolate,test,benign_build,0.0,0.0,0.0,0.0,0.0,0.0
avoidance_all,t12_l0,isolate,test,benign_admin,0.0,0.0,0.0,0.0,0.0,0.0
avoidance_all,t12_l0,isolate,test,benign_drill,0.0,0.0,0.0,0.0,0.0,0.0
avoidance_all,t12_l0,isolate,family_shift,patient,5.0,1.0,0.0,0.0,0.0,0.0
avoidance_all,t12_l0,isolate,family_shift,cycler,4.0,1.0,0.0,0.0,0.0,0.0
avoidance_all,t12_l0,isolate,family_shift,benign_burst,0.0,1.0,7.0,1.0,7.0,0.0
avoidance_all,t12_l0,isolate,family_shift,benign_recovery,0.0,0.0,0.0,0.0,0.0,0.0
avoidance_all,t5_l0,isolate,test,fast,2.0,1.0,0.0,0.0,0.0,0.0
avoidance_all,t5_l0,isolate,test,switcher,2.0,1.0,0.0,0.0,0.0,0.0
avoidance_all,t5_l0,isolate,test,slow,2.0,1.0,0.0,0.0,0.0,0.0
avoidance_all,t5_l0,isolate,test,avoider,2.0,1.0,0.0,0.0,0.0,0.0
avoidance_all,t5_l0,isolate,test,benign_build,0.0,0.0,0.0,0.0,0.0,0.0
avoidance_all,t5_l0,isolate,test,benign_admin,0.0,1.0,5.0,1.0,5.0,0.0
avoidance_all,t5_l0,isolate,test,benign_drill,0.0,1.0,11.0,1.0,11.0,0.0
avoidance_all,t5_l0,isolate,family_shift,patient,2.0,1.0,0.0,0.0,0.0,0.0
avoidance_all,t5_l0,isolate,family_shift,cycler,2.0,1.0,0.0,0.0,0.0,0.0
avoidance_all,t5_l0,isolate,family_shift,benign_burst,0.0,1.0,17.0,1.0,17.0,0.0
avoidance_all,t5_l0,isolate,family_shift,benign_recovery,0.0,1.0,12.0,1.0,12.0,0.0
avoidance_all,t8_l0,isolate,test,fast,3.0,1.0,0.0,0.0,0.0,0.0
avoidance_all,t8_l0,isolate,test,switcher,3.0,1.0,0.0,0.0,0.0,0.0
avoidance_all,t8_l0,isolate,test,slow,3.0,1.0,0.0,0.0,0.0,0.0
avoidance_all,t8_l0,isolate,test,avoider,3.0,1.0,0.0,0.0,0.0,0.0
avoidance_all,t8_l0,isolate,test,benign_build,0.0,0.0,0.0,0.0,0.0,0.0
avoidance_all,t8_l0,isolate,test,benign_admin,0.0,0.0,0.0,0.0,0.0,0.0
avoidance_all,t8_l0,isolate,test,benign_drill,0.0,1.0,2.0,1.0,2.0,0.0
avoidance_all,t8_l0,isolate,family_shift,patient,4.0,1.0,0.0,0.0,0.0,0.0
avoidance_all,t8_l0,isolate,family_shift,cycler,3.0,1.0,0.0,0.0,0.0,0.0
avoidance_all,t8_l0,isolate,family_shift,benign_burst,0.0,1.0,12.0,1.0,12.0,0.0
avoidance_all,t8_l0,isolate,family_shift,benign_recovery,0.0,1.0,7.0,1.0,7.0,0.0
avoidance_all,t8_l1,isolate,test,fast,4.0,1.0,0.0,0.0,0.0,0.0
avoidance_all,t8_l1,isolate,test,switcher,4.0,1.0,0.0,0.0,0.0,0.0
avoidance_all,t8_l1,isolate,test,slow,3.0,1.0,0.0,0.0,0.0,0.0
avoidance_all,t8_l1,isolate,test,avoider,4.0,1.0,0.0,0.0,0.0,0.0
avoidance_all,t8_l1,isolate,test,benign_build,0.0,0.0,0.0,0.0,0.0,0.0
avoidance_all,t8_l1,isolate,test,benign_admin,0.0,0.0,0.0,0.0,0.0,0.0
avoidance_all,t8_l1,isolate,test,benign_drill,0.0,1.0,1.0,1.0,1.0,0.0
avoidance_all,t8_l1,isolate,family_shift,patient,4.0,1.0,0.0,0.0,0.0,0.0
avoidance_all,t8_l1,isolate,family_shift,cycler,4.0,1.0,0.0,0.0,0.0,0.0
avoidance_all,t8_l1,isolate,family_shift,benign_burst,0.0,1.0,11.0,1.0,11.0,0.0
avoidance_all,t8_l1,isolate,family_shift,benign_recovery,0.0,1.0,6.0,1.0,6.0,0.0
avoidance_all,t12_l0,revoke,test,fast,23.0,0.0,0.0,0.0,0.0,0.0
avoidance_all,t12_l0,revoke,test,switcher,16.0,0.0,0.0,0.0,0.0,0.0
avoidance_all,t12_l0,revoke,test,slow,8.0,0.0,0.0,0.0,0.0,0.0
avoidance_all,t12_l0,revoke,test,avoider,23.0,0.0,0.0,0.0,0.0,0.0
avoidance_all,t12_l0,revoke,test,benign_build,0.0,0.0,0.0,0.0,0.0,0.0
avoidance_all,t12_l0,revoke,test,benign_admin,0.0,0.0,0.0,0.0,0.0,0.0
avoidance_all,t12_l0,revoke,test,benign_drill,0.0,0.0,0.0,0.0,0.0,0.0
avoidance_all,t12_l0,revoke,family_shift,patient,6.0,0.0,0.0,0.0,0.0,0.0
avoidance_all,t12_l0,revoke,family_shift,cycler,13.0,0.0,0.0,0.0,0.0,0.0
avoidance_all,t12_l0,revoke,family_shift,benign_burst,0.0,1.0,7.0,1.0,7.0,0.0
avoidance_all,t12_l0,revoke,family_shift,benign_recovery,0.0,0.0,0.0,0.0,0.0,0.0
avoidance_all,t5_l0,revoke,test,fast,2.0,1.0,0.0,0.0,0.0,0.0
avoidance_all,t5_l0,revoke,test,switcher,16.0,0.0,0.0,0.0,0.0,0.0
avoidance_all,t5_l0,revoke,test,slow,2.0,1.0,0.0,0.0,0.0,0.0
avoidance_all,t5_l0,revoke,test,avoider,2.0,1.0,0.0,0.0,0.0,0.0
avoidance_all,t5_l0,revoke,test,benign_build,0.0,0.0,0.0,0.0,0.0,0.0
avoidance_all,t5_l0,revoke,test,benign_admin,0.0,1.0,5.0,1.0,5.0,0.0
avoidance_all,t5_l0,revoke,test,benign_drill,0.0,1.0,11.0,1.0,11.0,0.0
avoidance_all,t5_l0,revoke,family_shift,patient,2.0,1.0,0.0,0.0,0.0,0.0
avoidance_all,t5_l0,revoke,family_shift,cycler,13.0,0.0,0.0,0.0,0.0,0.0
avoidance_all,t5_l0,revoke,family_shift,benign_burst,0.0,1.0,17.0,1.0,17.0,0.0
avoidance_all,t5_l0,revoke,family_shift,benign_recovery,0.0,1.0,12.0,1.0,12.0,0.0
avoidance_all,t8_l1,revoke,test,fast,23.0,0.0,0.0,0.0,0.0,0.0
avoidance_all,t8_l1,revoke,test,switcher,16.0,0.0,0.0,0.0,0.0,0.0
avoidance_all,t8_l1,revoke,test,slow,8.0,0.0,0.0,0.0,0.0,0.0
avoidance_all,t8_l1,revoke,test,avoider,23.0,0.0,0.0,0.0,0.0,0.0
avoidance_all,t8_l1,revoke,test,benign_build,0.0,0.0,0.0,0.0,0.0,0.0
avoidance_all,t8_l1,revoke,test,benign_admin,0.0,0.0,0.0,0.0,0.0,0.0
avoidance_all,t8_l1,revoke,test,benign_drill,0.0,1.0,1.0,1.0,1.0,0.0
avoidance_all,t8_l1,revoke,family_shift,patient,6.0,0.0,0.0,0.0,0.0,0.0
avoidance_all,t8_l1,revoke,family_shift,cycler,13.0,0.0,0.0,0.0,0.0,0.0
avoidance_all,t8_l1,revoke,family_shift,benign_burst,0.0,1.0,11.0,1.0,11.0,0.0
avoidance_all,t8_l1,revoke,family_shift,benign_recovery,0.0,1.0,6.0,1.0,6.0,0.0
adaptive_avoidance,t1000_l0,deception,test,fast,20.505,0.0,0.0,0.0,0.0,0.0
adaptive_avoidance,t1000_l0,deception,test,switcher,14.255,0.0,0.0,0.0,0.0,0.0
adaptive_avoidance,t1000_l0,deception,test,slow,5.68,0.0,0.0,0.0,0.0,0.0
adaptive_avoidance,t1000_l0,deception,test,avoider,23.0,0.0,0.0,0.0,0.0,0.0
adaptive_avoidance,t1000_l0,deception,test,benign_build,0.0,0.0,0.0,0.0,0.0,0.0
adaptive_avoidance,t1000_l0,deception,test,benign_admin,0.0,0.0,1.185,0.0,1.185,0.0
adaptive_avoidance,t1000_l0,deception,test,benign_drill,0.0,0.0,1.695,0.0,1.695,0.0
adaptive_avoidance,t1000_l0,deception,family_shift,patient,3.88,0.0,0.0,0.0,0.0,0.0
adaptive_avoidance,t1000_l0,deception,family_shift,cycler,11.5,0.0,0.0,0.0,0.0,0.0
adaptive_avoidance,t1000_l0,deception,family_shift,benign_burst,0.0,0.0,1.76,0.0,1.76,0.0
adaptive_avoidance,t1000_l0,deception,family_shift,benign_recovery,0.0,0.0,1.895,0.0,1.895,0.0
adaptive_avoidance,t12_l0,deception,test,fast,2.38,0.675,0.0,0.0,0.0,0.0
adaptive_avoidance,t12_l0,deception,test,switcher,2.725,0.54,0.0,0.0,0.0,0.0
adaptive_avoidance,t12_l0,deception,test,slow,1.95,0.68,0.0,0.0,0.0,0.0
adaptive_avoidance,t12_l0,deception,test,avoider,23.0,0.0,0.0,0.0,0.0,0.0
adaptive_avoidance,t12_l0,deception,test,benign_build,0.0,0.0,0.0,0.0,0.0,0.0
adaptive_avoidance,t12_l0,deception,test,benign_admin,0.0,0.78,3.705,0.78,3.705,0.0
adaptive_avoidance,t12_l0,deception,test,benign_drill,0.0,0.93,12.745,0.93,12.745,0.0
adaptive_avoidance,t12_l0,deception,family_shift,patient,1.825,0.69,0.0,0.0,0.0,0.0
adaptive_avoidance,t12_l0,deception,family_shift,cycler,2.575,0.505,0.0,0.0,0.0,0.0
adaptive_avoidance,t12_l0,deception,family_shift,benign_burst,0.0,1.0,14.83,1.0,14.83,0.0
adaptive_avoidance,t12_l0,deception,family_shift,benign_recovery,0.0,0.99,12.515,0.99,12.515,0.0
adaptive_avoidance,t20_l0,deception,test,fast,3.025,0.55,0.0,0.0,0.0,0.0
adaptive_avoidance,t20_l0,deception,test,switcher,3.265,0.54,0.0,0.0,0.0,0.0
adaptive_avoidance,t20_l0,deception,test,slow,2.44,0.555,0.0,0.0,0.0,0.0
adaptive_avoidance,t20_l0,deception,test,avoider,23.0,0.0,0.0,0.0,0.0,0.0
adaptive_avoidance,t20_l0,deception,test,benign_build,0.0,0.0,0.0,0.0,0.0,0.0
adaptive_avoidance,t20_l0,deception,test,benign_admin,0.0,0.0,1.185,0.0,1.185,0.0
adaptive_avoidance,t20_l0,deception,test,benign_drill,0.0,0.765,7.03,0.765,7.03,0.0
adaptive_avoidance,t20_l0,deception,family_shift,patient,2.095,0.585,0.0,0.0,0.0,0.0
adaptive_avoidance,t20_l0,deception,family_shift,cycler,3.08,0.505,0.0,0.0,0.0,0.0
adaptive_avoidance,t20_l0,deception,family_shift,benign_burst,0.0,0.95,10.495,0.95,10.495,0.0
adaptive_avoidance,t20_l0,deception,family_shift,benign_recovery,0.0,0.905,7.38,0.905,7.38,0.0
adaptive_avoidance,t5_l0,deception,test,fast,0.83,1.0,0.0,0.0,0.0,0.0
adaptive_avoidance,t5_l0,deception,test,switcher,2.725,0.54,0.0,0.0,0.0,0.0
adaptive_avoidance,t5_l0,deception,test,slow,0.82,1.0,0.0,0.0,0.0,0.0
adaptive_avoidance,t5_l0,deception,test,avoider,2.0,1.0,0.0,0.0,0.0,0.0
adaptive_avoidance,t5_l0,deception,test,benign_build,0.0,0.0,0.0,0.0,0.0,0.0
adaptive_avoidance,t5_l0,deception,test,benign_admin,0.0,1.0,9.295,1.0,9.295,0.0
adaptive_avoidance,t5_l0,deception,test,benign_drill,0.0,1.0,15.83,1.0,15.83,0.0
adaptive_avoidance,t5_l0,deception,family_shift,patient,0.775,1.0,0.0,0.0,0.0,0.0
adaptive_avoidance,t5_l0,deception,family_shift,cycler,2.575,0.505,0.0,0.0,0.0,0.0
adaptive_avoidance,t5_l0,deception,family_shift,benign_burst,0.0,1.0,17.83,1.0,17.83,0.0
adaptive_avoidance,t5_l0,deception,family_shift,benign_recovery,0.0,1.0,16.105,1.0,16.105,0.0
adaptive_avoidance,t8_l1,deception,test,fast,2.505,0.675,0.0,0.0,0.0,0.0
adaptive_avoidance,t8_l1,deception,test,switcher,2.725,0.54,0.0,0.0,0.0,0.0
adaptive_avoidance,t8_l1,deception,test,slow,1.95,0.68,0.0,0.0,0.0,0.0
adaptive_avoidance,t8_l1,deception,test,avoider,23.0,0.0,0.0,0.0,0.0,0.0
adaptive_avoidance,t8_l1,deception,test,benign_build,0.0,0.0,0.0,0.0,0.0,0.0
adaptive_avoidance,t8_l1,deception,test,benign_admin,0.0,0.78,7.1,0.78,7.1,0.0
adaptive_avoidance,t8_l1,deception,test,benign_drill,0.0,1.0,13.415,1.0,13.415,0.0
adaptive_avoidance,t8_l1,deception,family_shift,patient,1.72,0.69,0.0,0.0,0.0,0.0
adaptive_avoidance,t8_l1,deception,family_shift,cycler,2.575,0.505,0.0,0.0,0.0,0.0
adaptive_avoidance,t8_l1,deception,family_shift,benign_burst,0.0,1.0,15.015,1.0,15.015,0.0
adaptive_avoidance,t8_l1,deception,family_shift,benign_recovery,0.0,1.0,14.485,1.0,14.485,0.0
adaptive_avoidance,t12_l0,deception_silent,test,fast,4.125,0.55,0.0,0.0,0.0,0.0
adaptive_avoidance,t12_l0,deception_silent,test,switcher,10.285,0.0,0.0,0.0,0.0,0.0
adaptive_avoidance,t12_l0,deception_silent,test,slow,3.55,0.555,0.0,0.0,0.0,0.0
adaptive_avoidance,t12_l0,deception_silent,test,avoider,23.0,0.0,0.0,0.0,0.0,0.0
adaptive_avoidance,t12_l0,deception_silent,test,benign_build,0.0,0.0,0.0,0.0,0.0,0.0
adaptive_avoidance,t12_l0,deception_silent,test,benign_admin,0.0,0.0,1.185,0.0,1.185,0.0
adaptive_avoidance,t12_l0,deception_silent,test,benign_drill,0.0,0.0,1.695,0.0,1.695,0.0
adaptive_avoidance,t12_l0,deception_silent,family_shift,patient,3.265,0.585,0.0,0.0,0.0,0.0
adaptive_avoidance,t12_l0,deception_silent,family_shift,cycler,8.13,0.0,0.0,0.0,0.0,0.0
adaptive_avoidance,t12_l0,deception_silent,family_shift,benign_burst,0.0,1.0,8.6,1.0,8.6,0.0
adaptive_avoidance,t12_l0,deception_silent,family_shift,benign_recovery,0.0,0.0,1.895,0.0,1.895,0.0
adaptive_avoidance,t5_l0,deception_silent,test,fast,0.83,1.0,0.0,0.0,0.0,0.0
adaptive_avoidance,t5_l0,deception_silent,test,switcher,2.725,0.54,0.0,0.0,0.0,0.0
adaptive_avoidance,t5_l0,deception_silent,test,slow,0.82,1.0,0.0,0.0,0.0,0.0
adaptive_avoidance,t5_l0,deception_silent,test,avoider,2.0,1.0,0.0,0.0,0.0,0.0
adaptive_avoidance,t5_l0,deception_silent,test,benign_build,0.0,0.0,0.0,0.0,0.0,0.0
adaptive_avoidance,t5_l0,deception_silent,test,benign_admin,0.0,1.0,5.96,1.0,5.96,0.0
adaptive_avoidance,t5_l0,deception_silent,test,benign_drill,0.0,1.0,14.57,1.0,14.57,0.0
adaptive_avoidance,t5_l0,deception_silent,family_shift,patient,0.775,1.0,0.0,0.0,0.0,0.0
adaptive_avoidance,t5_l0,deception_silent,family_shift,cycler,2.575,0.505,0.0,0.0,0.0,0.0
adaptive_avoidance,t5_l0,deception_silent,family_shift,benign_burst,0.0,1.0,17.64,1.0,17.64,0.0
adaptive_avoidance,t5_l0,deception_silent,family_shift,benign_recovery,0.0,1.0,13.325,1.0,13.325,0.0
adaptive_avoidance,t5_l1,deception_silent,test,fast,2.505,0.675,0.0,0.0,0.0,0.0
adaptive_avoidance,t5_l1,deception_silent,test,switcher,2.725,0.54,0.0,0.0,0.0,0.0
adaptive_avoidance,t5_l1,deception_silent,test,slow,0.82,1.0,0.0,0.0,0.0,0.0
adaptive_avoidance,t5_l1,deception_silent,test,avoider,23.0,0.0,0.0,0.0,0.0,0.0
adaptive_avoidance,t5_l1,deception_silent,test,benign_build,0.0,0.0,0.0,0.0,0.0,0.0
adaptive_avoidance,t5_l1,deception_silent,test,benign_admin,0.0,1.0,4.96,1.0,4.96,0.0
adaptive_avoidance,t5_l1,deception_silent,test,benign_drill,0.0,1.0,11.33,1.0,11.33,0.0
adaptive_avoidance,t5_l1,deception_silent,family_shift,patient,0.775,1.0,0.0,0.0,0.0,0.0
adaptive_avoidance,t5_l1,deception_silent,family_shift,cycler,2.575,0.505,0.0,0.0,0.0,0.0
adaptive_avoidance,t5_l1,deception_silent,family_shift,benign_burst,0.0,1.0,16.64,1.0,16.64,0.0
adaptive_avoidance,t5_l1,deception_silent,family_shift,benign_recovery,0.0,1.0,12.325,1.0,12.325,0.0
adaptive_avoidance,t8_l0,deception_silent,test,fast,2.505,0.675,0.0,0.0,0.0,0.0
adaptive_avoidance,t8_l0,deception_silent,test,switcher,3.265,0.54,0.0,0.0,0.0,0.0
adaptive_avoidance,t8_l0,deception_silent,test,slow,2.075,0.68,0.0,0.0,0.0,0.0
adaptive_avoidance,t8_l0,deception_silent,test,avoider,23.0,0.0,0.0,0.0,0.0,0.0
adaptive_avoidance,t8_l0,deception_silent,test,benign_build,0.0,0.0,0.0,0.0,0.0,0.0
adaptive_avoidance,t8_l0,deception_silent,test,benign_admin,0.0,0.0,1.185,0.0,1.185,0.0
adaptive_avoidance,t8_l0,deception_silent,test,benign_drill,0.0,1.0,7.5,1.0,7.5,0.0
adaptive_avoidance,t8_l0,deception_silent,family_shift,patient,1.825,0.69,0.0,0.0,0.0,0.0
adaptive_avoidance,t8_l0,deception_silent,family_shift,cycler,3.08,0.505,0.0,0.0,0.0,0.0
adaptive_avoidance,t8_l0,deception_silent,family_shift,benign_burst,0.0,1.0,13.26,1.0,13.26,0.0
adaptive_avoidance,t8_l0,deception_silent,family_shift,benign_recovery,0.0,1.0,8.695,1.0,8.695,0.0
adaptive_avoidance,t8_l1,deception_silent,test,fast,3.575,0.55,0.0,0.0,0.0,0.0
adaptive_avoidance,t8_l1,deception_silent,test,switcher,10.285,0.0,0.0,0.0,0.0,0.0
adaptive_avoidance,t8_l1,deception_silent,test,slow,2.075,0.68,0.0,0.0,0.0,0.0
adaptive_avoidance,t8_l1,deception_silent,test,avoider,23.0,0.0,0.0,0.0,0.0,0.0
adaptive_avoidance,t8_l1,deception_silent,test,benign_build,0.0,0.0,0.0,0.0,0.0,0.0
adaptive_avoidance,t8_l1,deception_silent,test,benign_admin,0.0,0.0,1.185,0.0,1.185,0.0
adaptive_avoidance,t8_l1,deception_silent,test,benign_drill,0.0,1.0,6.445,1.0,6.445,0.0
adaptive_avoidance,t8_l1,deception_silent,family_shift,patient,1.825,0.69,0.0,0.0,0.0,0.0
adaptive_avoidance,t8_l1,deception_silent,family_shift,cycler,8.13,0.0,0.0,0.0,0.0,0.0
adaptive_avoidance,t8_l1,deception_silent,family_shift,benign_burst,0.0,1.0,12.26,1.0,12.26,0.0
adaptive_avoidance,t8_l1,deception_silent,family_shift,benign_recovery,0.0,1.0,7.695,1.0,7.695,0.0
adaptive_avoidance,t12_l0,isolate,test,fast,4.0,1.0,0.0,0.0,0.0,0.0
adaptive_avoidance,t12_l0,isolate,test,switcher,4.0,1.0,0.0,0.0,0.0,0.0
adaptive_avoidance,t12_l0,isolate,test,slow,4.0,1.0,0.0,0.0,0.0,0.0
adaptive_avoidance,t12_l0,isolate,test,avoider,4.0,1.0,0.0,0.0,0.0,0.0
adaptive_avoidance,t12_l0,isolate,test,benign_build,0.0,0.0,0.0,0.0,0.0,0.0
adaptive_avoidance,t12_l0,isolate,test,benign_admin,0.0,0.0,0.0,0.0,0.0,0.0
adaptive_avoidance,t12_l0,isolate,test,benign_drill,0.0,0.0,0.0,0.0,0.0,0.0
adaptive_avoidance,t12_l0,isolate,family_shift,patient,5.0,1.0,0.0,0.0,0.0,0.0
adaptive_avoidance,t12_l0,isolate,family_shift,cycler,4.0,1.0,0.0,0.0,0.0,0.0
adaptive_avoidance,t12_l0,isolate,family_shift,benign_burst,0.0,1.0,7.0,1.0,7.0,0.0
adaptive_avoidance,t12_l0,isolate,family_shift,benign_recovery,0.0,0.0,0.0,0.0,0.0,0.0
adaptive_avoidance,t5_l0,isolate,test,fast,2.0,1.0,0.0,0.0,0.0,0.0
adaptive_avoidance,t5_l0,isolate,test,switcher,2.0,1.0,0.0,0.0,0.0,0.0
adaptive_avoidance,t5_l0,isolate,test,slow,2.0,1.0,0.0,0.0,0.0,0.0
adaptive_avoidance,t5_l0,isolate,test,avoider,2.0,1.0,0.0,0.0,0.0,0.0
adaptive_avoidance,t5_l0,isolate,test,benign_build,0.0,0.0,0.0,0.0,0.0,0.0
adaptive_avoidance,t5_l0,isolate,test,benign_admin,0.0,1.0,5.0,1.0,5.0,0.0
adaptive_avoidance,t5_l0,isolate,test,benign_drill,0.0,1.0,11.0,1.0,11.0,0.0
adaptive_avoidance,t5_l0,isolate,family_shift,patient,2.0,1.0,0.0,0.0,0.0,0.0
adaptive_avoidance,t5_l0,isolate,family_shift,cycler,2.0,1.0,0.0,0.0,0.0,0.0
adaptive_avoidance,t5_l0,isolate,family_shift,benign_burst,0.0,1.0,17.0,1.0,17.0,0.0
adaptive_avoidance,t5_l0,isolate,family_shift,benign_recovery,0.0,1.0,12.0,1.0,12.0,0.0
adaptive_avoidance,t8_l0,isolate,test,fast,3.0,1.0,0.0,0.0,0.0,0.0
adaptive_avoidance,t8_l0,isolate,test,switcher,3.0,1.0,0.0,0.0,0.0,0.0
adaptive_avoidance,t8_l0,isolate,test,slow,3.0,1.0,0.0,0.0,0.0,0.0
adaptive_avoidance,t8_l0,isolate,test,avoider,3.0,1.0,0.0,0.0,0.0,0.0
adaptive_avoidance,t8_l0,isolate,test,benign_build,0.0,0.0,0.0,0.0,0.0,0.0
adaptive_avoidance,t8_l0,isolate,test,benign_admin,0.0,0.0,0.0,0.0,0.0,0.0
adaptive_avoidance,t8_l0,isolate,test,benign_drill,0.0,1.0,2.0,1.0,2.0,0.0
adaptive_avoidance,t8_l0,isolate,family_shift,patient,4.0,1.0,0.0,0.0,0.0,0.0
adaptive_avoidance,t8_l0,isolate,family_shift,cycler,3.0,1.0,0.0,0.0,0.0,0.0
adaptive_avoidance,t8_l0,isolate,family_shift,benign_burst,0.0,1.0,12.0,1.0,12.0,0.0
adaptive_avoidance,t8_l0,isolate,family_shift,benign_recovery,0.0,1.0,7.0,1.0,7.0,0.0
adaptive_avoidance,t8_l1,isolate,test,fast,4.0,1.0,0.0,0.0,0.0,0.0
adaptive_avoidance,t8_l1,isolate,test,switcher,4.0,1.0,0.0,0.0,0.0,0.0
adaptive_avoidance,t8_l1,isolate,test,slow,3.0,1.0,0.0,0.0,0.0,0.0
adaptive_avoidance,t8_l1,isolate,test,avoider,4.0,1.0,0.0,0.0,0.0,0.0
adaptive_avoidance,t8_l1,isolate,test,benign_build,0.0,0.0,0.0,0.0,0.0,0.0
adaptive_avoidance,t8_l1,isolate,test,benign_admin,0.0,0.0,0.0,0.0,0.0,0.0
adaptive_avoidance,t8_l1,isolate,test,benign_drill,0.0,1.0,1.0,1.0,1.0,0.0
adaptive_avoidance,t8_l1,isolate,family_shift,patient,4.0,1.0,0.0,0.0,0.0,0.0
adaptive_avoidance,t8_l1,isolate,family_shift,cycler,4.0,1.0,0.0,0.0,0.0,0.0
adaptive_avoidance,t8_l1,isolate,family_shift,benign_burst,0.0,1.0,11.0,1.0,11.0,0.0
adaptive_avoidance,t8_l1,isolate,family_shift,benign_recovery,0.0,1.0,6.0,1.0,6.0,0.0
adaptive_avoidance,t12_l0,revoke,test,fast,23.0,0.0,0.0,0.0,0.0,0.0
adaptive_avoidance,t12_l0,revoke,test,switcher,16.0,0.0,0.0,0.0,0.0,0.0
adaptive_avoidance,t12_l0,revoke,test,slow,8.0,0.0,0.0,0.0,0.0,0.0
adaptive_avoidance,t12_l0,revoke,test,avoider,23.0,0.0,0.0,0.0,0.0,0.0
adaptive_avoidance,t12_l0,revoke,test,benign_build,0.0,0.0,0.0,0.0,0.0,0.0
adaptive_avoidance,t12_l0,revoke,test,benign_admin,0.0,0.0,0.0,0.0,0.0,0.0
adaptive_avoidance,t12_l0,revoke,test,benign_drill,0.0,0.0,0.0,0.0,0.0,0.0
adaptive_avoidance,t12_l0,revoke,family_shift,patient,6.0,0.0,0.0,0.0,0.0,0.0
adaptive_avoidance,t12_l0,revoke,family_shift,cycler,13.0,0.0,0.0,0.0,0.0,0.0
adaptive_avoidance,t12_l0,revoke,family_shift,benign_burst,0.0,1.0,7.0,1.0,7.0,0.0
adaptive_avoidance,t12_l0,revoke,family_shift,benign_recovery,0.0,0.0,0.0,0.0,0.0,0.0
adaptive_avoidance,t5_l0,revoke,test,fast,2.0,1.0,0.0,0.0,0.0,0.0
adaptive_avoidance,t5_l0,revoke,test,switcher,16.0,0.0,0.0,0.0,0.0,0.0
adaptive_avoidance,t5_l0,revoke,test,slow,2.0,1.0,0.0,0.0,0.0,0.0
adaptive_avoidance,t5_l0,revoke,test,avoider,2.0,1.0,0.0,0.0,0.0,0.0
adaptive_avoidance,t5_l0,revoke,test,benign_build,0.0,0.0,0.0,0.0,0.0,0.0
adaptive_avoidance,t5_l0,revoke,test,benign_admin,0.0,1.0,5.0,1.0,5.0,0.0
adaptive_avoidance,t5_l0,revoke,test,benign_drill,0.0,1.0,11.0,1.0,11.0,0.0
adaptive_avoidance,t5_l0,revoke,family_shift,patient,2.0,1.0,0.0,0.0,0.0,0.0
adaptive_avoidance,t5_l0,revoke,family_shift,cycler,13.0,0.0,0.0,0.0,0.0,0.0
adaptive_avoidance,t5_l0,revoke,family_shift,benign_burst,0.0,1.0,17.0,1.0,17.0,0.0
adaptive_avoidance,t5_l0,revoke,family_shift,benign_recovery,0.0,1.0,12.0,1.0,12.0,0.0
adaptive_avoidance,t8_l1,revoke,test,fast,23.0,0.0,0.0,0.0,0.0,0.0
adaptive_avoidance,t8_l1,revoke,test,switcher,16.0,0.0,0.0,0.0,0.0,0.0
adaptive_avoidance,t8_l1,revoke,test,slow,8.0,0.0,0.0,0.0,0.0,0.0
adaptive_avoidance,t8_l1,revoke,test,avoider,23.0,0.0,0.0,0.0,0.0,0.0
adaptive_avoidance,t8_l1,revoke,test,benign_build,0.0,0.0,0.0,0.0,0.0,0.0
adaptive_avoidance,t8_l1,revoke,test,benign_admin,0.0,0.0,0.0,0.0,0.0,0.0
adaptive_avoidance,t8_l1,revoke,test,benign_drill,0.0,1.0,1.0,1.0,1.0,0.0
adaptive_avoidance,t8_l1,revoke,family_shift,patient,6.0,0.0,0.0,0.0,0.0,0.0
adaptive_avoidance,t8_l1,revoke,family_shift,cycler,13.0,0.0,0.0,0.0,0.0,0.0
adaptive_avoidance,t8_l1,revoke,family_shift,benign_burst,0.0,1.0,11.0,1.0,11.0,0.0
adaptive_avoidance,t8_l1,revoke,family_shift,benign_recovery,0.0,1.0,6.0,1.0,6.0,0.0
combined,t1000_l0,deception,test,fast,20.395,0.0,0.0,0.0,0.0,0.0
combined,t1000_l0,deception,test,switcher,14.04,0.0,0.0,0.0,0.0,0.0
combined,t1000_l0,deception,test,slow,5.975,0.0,0.0,0.0,0.0,0.0
combined,t1000_l0,deception,test,avoider,23.0,0.0,0.0,0.0,0.0,0.0
combined,t1000_l0,deception,test,benign_build,0.0,0.0,0.0,0.0,0.0,0.0
combined,t1000_l0,deception,test,benign_admin,0.0,0.0,0.695,0.0,0.695,0.0
combined,t1000_l0,deception,test,benign_drill,0.0,0.0,1.595,0.0,1.595,0.0
combined,t1000_l0,deception,family_shift,patient,4.305,0.0,0.0,0.0,0.0,0.0
combined,t1000_l0,deception,family_shift,cycler,11.57,0.0,0.0,0.0,0.0,0.0
combined,t1000_l0,deception,family_shift,benign_burst,0.0,0.0,1.195,0.0,1.195,0.0
combined,t1000_l0,deception,family_shift,benign_recovery,0.0,0.0,1.44,0.0,1.44,0.0
combined,t12_l0,deception,test,fast,8.195,0.38,0.0,0.0,0.0,0.0
combined,t12_l0,deception,test,switcher,7.59,0.275,0.0,0.0,0.0,0.0
combined,t12_l0,deception,test,slow,4.26,0.415,0.0,0.0,0.0,0.0
combined,t12_l0,deception,test,avoider,18.905,0.02,0.0,0.0,0.0,0.0
combined,t12_l0,deception,test,benign_build,0.0,0.0,0.0,0.0,0.0,0.0
combined,t12_l0,deception,test,benign_admin,0.0,0.535,1.785,0.535,1.785,0.0
combined,t12_l0,deception,test,benign_drill,0.0,0.66,7.42,0.66,7.42,0.0
combined,t12_l0,deception,family_shift,patient,3.53,0.405,0.0,0.0,0.0,0.0
combined,t12_l0,deception,family_shift,cycler,6.955,0.27,0.0,0.0,0.0,0.0
combined,t12_l0,deception,family_shift,benign_burst,0.0,1.0,11.905,1.0,11.905,0.0
combined,t12_l0,deception,family_shift,benign_recovery,0.0,0.885,9.445,0.885,9.445,0.0
combined,t20_l0,deception,test,fast,9.495,0.245,0.0,0.0,0.0,0.0
combined,t20_l0,deception,test,switcher,7.87,0.275,0.0,0.0,0.0,0.0
combined,t20_l0,deception,test,slow,4.83,0.3,0.0,0.0,0.0,0.0
combined,t20_l0,deception,test,avoider,19.675,0.0,0.0,0.0,0.0,0.0
combined,t20_l0,deception,test,benign_build,0.0,0.0,0.0,0.0,0.0,0.0
combined,t20_l0,deception,test,benign_admin,0.0,0.005,0.7,0.005,0.7,0.0
combined,t20_l0,deception,test,benign_drill,0.0,0.42,4.46,0.42,4.46,0.0
combined,t20_l0,deception,family_shift,patient,3.85,0.305,0.0,0.0,0.0,0.0
combined,t20_l0,deception,family_shift,cycler,7.015,0.27,0.0,0.0,0.0,0.0
combined,t20_l0,deception,family_shift,benign_burst,0.0,0.75,6.595,0.75,6.595,0.0
combined,t20_l0,deception,family_shift,benign_recovery,0.0,0.44,3.755,0.44,3.755,0.0
combined,t5_l0,deception,test,fast,1.445,1.0,0.0,0.0,0.0,0.0
combined,t5_l0,deception,test,switcher,7.59,0.275,0.0,0.0,0.0,0.0
combined,t5_l0,deception,test,slow,1.35,1.0,0.0,0.0,0.0,0.0
combined,t5_l0,deception,test,avoider,2.0,1.0,0.0,0.0,0.0,0.0
combined,t5_l0,deception,test,benign_build,0.0,0.0,0.0,0.0,0.0,0.0
combined,t5_l0,deception,test,benign_admin,0.0,1.0,7.58,1.0,7.58,0.0
combined,t5_l0,deception,test,benign_drill,0.0,1.0,13.39,1.0,13.39,0.0
combined,t5_l0,deception,family_shift,patient,1.34,1.0,0.0,0.0,0.0,0.0
combined,t5_l0,deception,family_shift,cycler,6.955,0.27,0.0,0.0,0.0,0.0
combined,t5_l0,deception,family_shift,benign_burst,0.0,1.0,17.475,1.0,17.475,0.0
combined,t5_l0,deception,family_shift,benign_recovery,0.0,1.0,14.22,1.0,14.22,0.0
combined,t5_l1,deception,test,fast,7.68,0.465,0.0,0.0,0.0,0.0
combined,t5_l1,deception,test,switcher,7.59,0.275,0.0,0.0,0.0,0.0
combined,t5_l1,deception,test,slow,1.35,1.0,0.0,0.0,0.0,0.0
combined,t5_l1,deception,test,avoider,16.75,0.165,0.0,0.0,0.0,0.0
combined,t5_l1,deception,test,benign_build,0.0,0.0,0.0,0.0,0.0,0.0
combined,t5_l1,deception,test,benign_admin,0.0,1.0,6.58,1.0,6.58,0.0
combined,t5_l1,deception,test,benign_drill,0.0,1.0,12.35,1.0,12.35,0.0
combined,t5_l1,deception,family_shift,patient,1.34,1.0,0.0,0.0,0.0,0.0
combined,t5_l1,deception,family_shift,cycler,6.955,0.27,0.0,0.0,0.0,0.0
combined,t5_l1,deception,family_shift,benign_burst,0.0,1.0,16.505,1.0,16.505,0.0
combined,t5_l1,deception,family_shift,benign_recovery,0.0,1.0,13.22,1.0,13.22,0.0
combined,t8_l1,deception,test,fast,8.315,0.38,0.0,0.0,0.0,0.0
combined,t8_l1,deception,test,switcher,7.59,0.275,0.0,0.0,0.0,0.0
combined,t8_l1,deception,test,slow,4.045,0.47,0.0,0.0,0.0,0.0
combined,t8_l1,deception,test,avoider,18.905,0.02,0.0,0.0,0.0,0.0
combined,t8_l1,deception,test,benign_build,0.0,0.0,0.0,0.0,0.0,0.0
combined,t8_l1,deception,test,benign_admin,0.0,0.535,4.495,0.535,4.495,0.0
combined,t8_l1,deception,test,benign_drill,0.0,1.0,8.39,1.0,8.39,0.0
combined,t8_l1,deception,family_shift,patient,3.29,0.46,0.0,0.0,0.0,0.0
combined,t8_l1,deception,family_shift,cycler,6.955,0.27,0.0,0.0,0.0,0.0
combined,t8_l1,deception,family_shift,benign_burst,0.0,1.0,13.325,1.0,13.325,0.0
combined,t8_l1,deception,family_shift,benign_recovery,0.0,1.0,11.26,1.0,11.26,0.0
combined,t12_l0,deception_silent,test,fast,9.27,0.28,0.0,0.0,0.0,0.0
combined,t12_l0,deception_silent,test,switcher,9.52,0.13,0.0,0.0,0.0,0.0
combined,t12_l0,deception_silent,test,slow,4.87,0.33,0.0,0.0,0.0,0.0
combined,t12_l0,deception_silent,test,avoider,18.905,0.02,0.0,0.0,0.0,0.0
combined,t12_l0,deception_silent,test,benign_build,0.0,0.0,0.0,0.0,0.0,0.0
combined,t12_l0,deception_silent,test,benign_admin,0.0,0.0,0.695,0.0,0.695,0.0
combined,t12_l0,deception_silent,test,benign_drill,0.0,0.005,1.605,0.005,1.605,0.0
combined,t12_l0,deception_silent,family_shift,patient,4.06,0.31,0.0,0.0,0.0,0.0
combined,t12_l0,deception_silent,family_shift,cycler,8.39,0.135,0.0,0.0,0.0,0.0
combined,t12_l0,deception_silent,family_shift,benign_burst,0.0,1.0,7.945,1.0,7.945,0.0
combined,t12_l0,deception_silent,family_shift,benign_recovery,0.0,0.0,1.44,0.0,1.44,0.0
combined,t5_l0,deception_silent,test,fast,1.445,1.0,0.0,0.0,0.0,0.0
combined,t5_l0,deception_silent,test,switcher,7.59,0.275,0.0,0.0,0.0,0.0
combined,t5_l0,deception_silent,test,slow,1.35,1.0,0.0,0.0,0.0,0.0
combined,t5_l0,deception_silent,test,avoider,2.0,1.0,0.0,0.0,0.0,0.0
combined,t5_l0,deception_silent,test,benign_build,0.0,0.0,0.0,0.0,0.0,0.0
combined,t5_l0,deception_silent,test,benign_admin,0.0,1.0,5.56,1.0,5.56,0.0
combined,t5_l0,deception_silent,test,benign_drill,0.0,1.0,12.51,1.0,12.51,0.0
combined,t5_l0,deception_silent,family_shift,patient,1.34,1.0,0.0,0.0,0.0,0.0
combined,t5_l0,deception_silent,family_shift,cycler,6.955,0.27,0.0,0.0,0.0,0.0
combined,t5_l0,deception_silent,family_shift,benign_burst,0.0,1.0,17.325,1.0,17.325,0.0
combined,t5_l0,deception_silent,family_shift,benign_recovery,0.0,1.0,12.71,1.0,12.71,0.0
combined,t8_l0,deception_silent,test,fast,7.68,0.465,0.0,0.0,0.0,0.0
combined,t8_l0,deception_silent,test,switcher,7.68,0.275,0.0,0.0,0.0,0.0
combined,t8_l0,deception_silent,test,slow,4.14,0.47,0.0,0.0,0.0,0.0
combined,t8_l0,deception_silent,test,avoider,16.75,0.165,0.0,0.0,0.0,0.0
combined,t8_l0,deception_silent,test,benign_build,0.0,0.0,0.0,0.0,0.0,0.0
combined,t8_l0,deception_silent,test,benign_admin,0.0,0.0,0.695,0.0,0.695,0.0
combined,t8_l0,deception_silent,test,benign_drill,0.0,1.0,4.66,1.0,4.66,0.0
combined,t8_l0,deception_silent,family_shift,patient,3.375,0.46,0.0,0.0,0.0,0.0
combined,t8_l0,deception_silent,family_shift,cycler,7.015,0.27,0.0,0.0,0.0,0.0
combined,t8_l0,deception_silent,family_shift,benign_burst,0.0,1.0,12.665,1.0,12.665,0.0
combined,t8_l0,deception_silent,family_shift,benign_recovery,0.0,1.0,8.11,1.0,8.11,0.0
combined,t8_l1,deception_silent,test,fast,9.17,0.28,0.0,0.0,0.0,0.0
combined,t8_l1,deception_silent,test,switcher,8.87,0.185,0.0,0.0,0.0,0.0
combined,t8_l1,deception_silent,test,slow,4.14,0.47,0.0,0.0,0.0,0.0
combined,t8_l1,deception_silent,test,avoider,18.905,0.02,0.0,0.0,0.0,0.0
combined,t8_l1,deception_silent,test,benign_build,0.0,0.0,0.0,0.0,0.0,0.0
combined,t8_l1,deception_silent,test,benign_admin,0.0,0.0,0.695,0.0,0.695,0.0
combined,t8_l1,deception_silent,test,benign_drill,0.0,1.0,3.555,1.0,3.555,0.0
combined,t8_l1,deception_silent,family_shift,patient,3.375,0.46,0.0,0.0,0.0,0.0
combined,t8_l1,deception_silent,family_shift,cycler,7.675,0.21,0.0,0.0,0.0,0.0
combined,t8_l1,deception_silent,family_shift,benign_burst,0.0,1.0,11.665,1.0,11.665,0.0
combined,t8_l1,deception_silent,family_shift,benign_recovery,0.0,1.0,7.11,1.0,7.11,0.0
combined,t12_l0,isolate,test,fast,14.755,0.285,4.74625,0.0,0.0,4.74625
combined,t12_l0,isolate,test,switcher,11.8,0.28,4.75,0.0,0.0,4.75
combined,t12_l0,isolate,test,slow,6.795,0.29,2.9925,0.0,0.0,2.9925
combined,t12_l0,isolate,test,avoider,16.25,0.195,4.75,0.0,0.0,4.75
combined,t12_l0,isolate,test,benign_build,0.0,0.0,0.0,0.0,0.0,0.0
combined,t12_l0,isolate,test,benign_admin,0.0,0.0,0.0,0.0,0.0,0.0
combined,t12_l0,isolate,test,benign_drill,0.0,0.0,0.0,0.0,0.0,0.0
combined,t12_l0,isolate,family_shift,patient,5.76,0.225,1.0,0.0,0.0,1.0
combined,t12_l0,isolate,family_shift,cycler,10.39,0.235,4.75,0.0,0.0,4.75
combined,t12_l0,isolate,family_shift,benign_burst,0.0,1.0,9.25,1.0,7.0,2.25
combined,t12_l0,isolate,family_shift,benign_recovery,0.0,0.0,0.0,0.0,0.0,0.0
combined,t5_l0,isolate,test,fast,2.0,1.0,5.25,0.0,0.0,5.25
combined,t5_l0,isolate,test,switcher,11.24,0.28,5.25,0.0,0.0,5.25
combined,t5_l0,isolate,test,slow,2.0,1.0,4.5,0.0,0.0,4.5
combined,t5_l0,isolate,test,avoider,2.0,1.0,5.25,0.0,0.0,5.25
combined,t5_l0,isolate,test,benign_build,0.0,0.0,0.0,0.0,0.0,0.0
combined,t5_l0,isolate,test,benign_admin,0.0,1.0,7.25,1.0,5.0,2.25
combined,t5_l0,isolate,test,benign_drill,0.0,1.0,14.75,1.0,11.0,3.75
combined,t5_l0,isolate,family_shift,patient,2.0,1.0,4.0,0.0,0.0,4.0
combined,t5_l0,isolate,family_shift,cycler,9.92,0.235,5.25,0.0,0.0,5.25
combined,t5_l0,isolate,family_shift,benign_burst,0.0,1.0,22.25,1.0,17.0,5.25
combined,t5_l0,isolate,family_shift,benign_recovery,0.0,1.0,15.75,1.0,12.0,3.75
combined,t8_l0,isolate,test,fast,13.565,0.37,5.0,0.0,0.0,5.0
combined,t8_l0,isolate,test,switcher,11.52,0.28,5.0,0.0,0.0,5.0
combined,t8_l0,isolate,test,slow,6.005,0.395,3.75,0.0,0.0,3.75
combined,t8_l0,isolate,test,avoider,14.19,0.32,5.0,0.0,0.0,5.0
combined,t8_l0,isolate,test,benign_build,0.0,0.0,0.0,0.0,0.0,0.0
combined,t8_l0,isolate,test,benign_admin,0.0,0.0,0.0,0.0,0.0,0.0
combined,t8_l0,isolate,test,benign_drill,0.0,1.0,2.85625,1.0,2.085,0.77125
combined,t8_l0,isolate,family_shift,patient,5.215,0.32,2.13,0.0,0.0,2.13
combined,t8_l0,isolate,family_shift,cycler,10.155,0.235,5.0,0.0,0.0,5.0
combined,t8_l0,isolate,family_shift,benign_burst,0.0,1.0,15.75,1.0,12.0,3.75
combined,t8_l0,isolate,family_shift,benign_recovery,0.0,1.0,9.25,1.0,7.0,2.25
combined,t8_l1,isolate,test,fast,14.74,0.285,4.75,0.0,0.0,4.75
combined,t8_l1,isolate,test,switcher,11.8,0.28,4.75,0.0,0.0,4.75
combined,t8_l1,isolate,test,slow,6.005,0.395,3.5,0.0,0.0,3.5
combined,t8_l1,isolate,test,avoider,16.25,0.195,4.75,0.0,0.0,4.75
combined,t8_l1,isolate,test,benign_build,0.0,0.0,0.0,0.0,0.0,0.0
combined,t8_l1,isolate,test,benign_admin,0.0,0.0,0.0,0.0,0.0,0.0
combined,t8_l1,isolate,test,benign_drill,0.0,1.0,1.58125,1.0,1.06,0.52125
combined,t8_l1,isolate,family_shift,patient,5.215,0.32,1.88,0.0,0.0,1.88
combined,t8_l1,isolate,family_shift,cycler,10.39,0.235,4.75,0.0,0.0,4.75
combined,t8_l1,isolate,family_shift,benign_burst,0.0,1.0,14.5,1.0,11.0,3.5
combined,t8_l1,isolate,family_shift,benign_recovery,0.0,1.0,8.0,1.0,6.0,2.0
combined,t12_l0,revoke,test,fast,18.47,0.04,0.0,0.0,0.0,0.0
combined,t12_l0,revoke,test,switcher,14.86,0.0,0.0,0.0,0.0,0.0
combined,t12_l0,revoke,test,slow,7.875,0.015,0.0,0.0,0.0,0.0
combined,t12_l0,revoke,test,avoider,18.905,0.02,0.0,0.0,0.0,0.0
combined,t12_l0,revoke,test,benign_build,0.0,0.0,0.0,0.0,0.0,0.0
combined,t12_l0,revoke,test,benign_admin,0.0,0.0,0.0,0.0,0.0,0.0
combined,t12_l0,revoke,test,benign_drill,0.0,0.0,0.0,0.0,0.0,0.0
combined,t12_l0,revoke,family_shift,patient,5.965,0.005,0.0,0.0,0.0,0.0
combined,t12_l0,revoke,family_shift,cycler,12.33,0.0,0.0,0.0,0.0,0.0
combined,t12_l0,revoke,family_shift,benign_burst,0.0,1.0,7.0,1.0,7.0,0.0
combined,t12_l0,revoke,family_shift,benign_recovery,0.0,0.0,0.0,0.0,0.0,0.0
combined,t5_l0,revoke,test,fast,2.0,1.0,0.0,0.0,0.0,0.0
combined,t5_l0,revoke,test,switcher,14.86,0.0,0.0,0.0,0.0,0.0
combined,t5_l0,revoke,test,slow,2.0,1.0,0.0,0.0,0.0,0.0
combined,t5_l0,revoke,test,avoider,2.0,1.0,0.0,0.0,0.0,0.0
combined,t5_l0,revoke,test,benign_build,0.0,0.0,0.0,0.0,0.0,0.0
combined,t5_l0,revoke,test,benign_admin,0.0,1.0,5.0,1.0,5.0,0.0
combined,t5_l0,revoke,test,benign_drill,0.0,1.0,11.0,1.0,11.0,0.0
combined,t5_l0,revoke,family_shift,patient,2.0,1.0,0.0,0.0,0.0,0.0
combined,t5_l0,revoke,family_shift,cycler,12.33,0.0,0.0,0.0,0.0,0.0
combined,t5_l0,revoke,family_shift,benign_burst,0.0,1.0,17.0,1.0,17.0,0.0
combined,t5_l0,revoke,family_shift,benign_recovery,0.0,1.0,12.0,1.0,12.0,0.0
combined,t8_l0,revoke,test,fast,16.81,0.17,0.0,0.0,0.0,0.0
combined,t8_l0,revoke,test,switcher,14.86,0.0,0.0,0.0,0.0,0.0
combined,t8_l0,revoke,test,slow,7.165,0.16,0.0,0.0,0.0,0.0
combined,t8_l0,revoke,test,avoider,16.75,0.165,0.0,0.0,0.0,0.0
combined,t8_l0,revoke,test,benign_build,0.0,0.0,0.0,0.0,0.0,0.0
combined,t8_l0,revoke,test,benign_admin,0.0,0.0,0.0,0.0,0.0,0.0
combined,t8_l0,revoke,test,benign_drill,0.0,1.0,2.085,1.0,2.085,0.0
combined,t8_l0,revoke,family_shift,patient,5.585,0.13,0.0,0.0,0.0,0.0
combined,t8_l0,revoke,family_shift,cycler,12.33,0.0,0.0,0.0,0.0,0.0
combined,t8_l0,revoke,family_shift,benign_burst,0.0,1.0,12.0,1.0,12.0,0.0
combined,t8_l0,revoke,family_shift,benign_recovery,0.0,1.0,7.0,1.0,7.0,0.0
combined,t8_l1,revoke,test,fast,18.455,0.04,0.0,0.0,0.0,0.0
combined,t8_l1,revoke,test,switcher,14.86,0.0,0.0,0.0,0.0,0.0
combined,t8_l1,revoke,test,slow,7.165,0.16,0.0,0.0,0.0,0.0
combined,t8_l1,revoke,test,avoider,18.905,0.02,0.0,0.0,0.0,0.0
combined,t8_l1,revoke,test,benign_build,0.0,0.0,0.0,0.0,0.0,0.0
combined,t8_l1,revoke,test,benign_admin,0.0,0.0,0.0,0.0,0.0,0.0
combined,t8_l1,revoke,test,benign_drill,0.0,1.0,1.06,1.0,1.06,0.0
combined,t8_l1,revoke,family_shift,patient,5.585,0.13,0.0,0.0,0.0,0.0
combined,t8_l1,revoke,family_shift,cycler,12.33,0.0,0.0,0.0,0.0,0.0
combined,t8_l1,revoke,family_shift,benign_burst,0.0,1.0,11.0,1.0,11.0,0.0
combined,t8_l1,revoke,family_shift,benign_recovery,0.0,1.0,6.0,1.0,6.0,0.0
